,ID,dems,reps,
1,"9005432	",8,0,8
3,"1365291938581258241	",8,0,8
4,"1384920519875731463	",8,0,8
5,"1161510122465705994	",8,0,8
6,"1133196393173012481	",8,0,8
7,"1407428935613255682	",8,0,8
8,"1406783768950628356	",8,0,8
9,"84871798	",8,0,8
10,"872575817309663232	",8,0,8
11,"19123797	",8,0,8
16,"1102783999288791042	",8,0,8
17,"180057743	",8,0,8
22,"2951417750	",8,0,8
23,"1384341028078039042	",8,0,8
27,"1188106497017831426	",8,0,8
28,"1392539493190754304	",8,0,8
31,"1388968446545862656	",8,0,8
33,"3370871007	",8,0,8
35,"1386009909041434629	",8,0,8
38,"2408159124	",8,0,8
49,"1379199206771019779	",8,0,8
50,"1209119743254441984	",8,0,8
51,"82531588	",8,0,8
55,"32605502	",8,0,8
56,"1374097939400900617	",8,0,8
64,"2358299761	",8,0,8
65,"1220440458393833472	",8,0,8
73,"169893269	",8,0,8
74,"727624081411997696	",8,0,8
75,"1348695358440931331	",8,0,8
76,"1236502147979554816	",8,0,8
77,"345174674	",8,0,8
78,"381954645	",8,0,8
80,"76957653	",8,0,8
83,"1306580409497653250	",8,0,8
85,"1923145526	",8,0,8
87,"1236096200761204736	",8,0,8
88,"779112683899609088	",8,0,8
91,"1116797908764880896	",8,0,8
94,"1358967906286120966	",8,0,8
96,"1352429255360057347	",8,0,8
97,"1360933640662888448	",8,0,8
98,"2929303479	",8,0,8
99,"2764127424	",8,0,8
100,"1325190339439726593	",8,0,8
106,"1351409785678295042	",8,0,8
111,"58503762	",8,0,8
112,"148911879	",8,0,8
118,"1212280108469194752	",8,0,8
123,"1304868103801761794	",8,0,8
124,"1279484666777464833	",8,0,8
127,"439641912	",8,0,8
134,"1161658712	",8,0,8
135,"2584148397	",8,0,8
144,"1045389666210451457	",8,0,8
145,"1360049703077961734	",8,0,8
147,"66876520	",8,0,8
148,"3299968419	",8,0,8
150,"21414576	",8,0,8
152,"28123854	",8,0,8
155,"2743541	",8,0,8
158,"1357500390162399232	",8,0,8
159,"1254231502457647106	",8,0,8
162,"1264148526554103809	",8,0,8
164,"1353093625031266305	",8,0,8
173,"973747534593167360	",8,0,8
174,"184670090	",8,0,8
176,"1343640629587357698	",8,0,8
177,"1325264902110412800	",8,0,8
180,"259779095	",8,0,8
184,"1338401282869125121	",8,0,8
188,"27330200	",8,0,8
193,"1355195562379915264	",8,0,8
194,"1279857935942852608	",8,0,8
200,"487191570	",8,0,8
201,"1059705439712043008	",8,0,8
202,"938479923467087872	",8,0,8
203,"3436024588	",8,0,8
204,"762924596911714304	",8,0,8
206,"855909770057965573	",8,0,8
207,"32655131	",8,0,8
215,"2980429544	",8,0,8
221,"8890812	",8,0,8
222,"29457791	",8,0,8
223,"354431372	",8,0,8
226,"1193287659344584709	",8,0,8
228,"941754604118831105	",8,0,8
229,"1178076131754418180	",8,0,8
230,"4356069081	",8,0,8
231,"23557616	",8,0,8
232,"1281406375273345025	",8,0,8
234,"1313990718864551937	",8,0,8
239,"1079802482640019456	",8,0,8
250,"1348209763260121091	",8,0,8
258,"1349169469751320576	",8,0,8
260,"480875170	",8,0,8
263,"829743374907355136	",8,0,8
267,"1115936490524160000	",8,0,8
275,"1348034370272174088	",8,0,8
281,"774411643220398080	",8,0,8
285,"1318676887808266241	",8,0,8
286,"1205942269578219520	",8,0,8
287,"1231805512456400897	",8,0,8
288,"1320319307373445120	",8,0,8
292,"164697305	",8,0,8
296,"33637780	",8,0,8
297,"1029815549721751554	",8,0,8
308,"117002747	",8,0,8
311,"357535671	",8,0,8
312,"991109295084273665	",8,0,8
313,"402209086	",8,0,8
314,"621073601	",8,0,8
316,"1287115573931974660	",8,0,8
333,"2161488523	",8,0,8
335,"557437071	",8,0,8
337,"1093876249011867649	",8,0,8
339,"812951395917844481	",8,0,8
344,"1267082939835260928	",8,0,8
350,"4921157196	",8,0,8
351,"1275850932748771336	",8,0,8
357,"1047323186151530501	",8,0,8
360,"1231883634	",8,0,8
362,"963594761050492929	",8,0,8
364,"2896415674	",8,0,8
368,"898407630971977729	",8,0,8
369,"2442101143	",8,0,8
372,"1311313931839905795	",8,0,8
376,"49258239	",8,0,8
377,"972496100937617411	",8,0,8
379,"89068762	",8,0,8
381,"24404492	",8,0,8
383,"113003059	",8,0,8
387,"963938566068998145	",8,0,8
394,"439736125	",8,0,8
397,"1281012088966647808	",8,0,8
400,"796711112561594368	",8,0,8
402,"21908763	",8,0,8
404,"3827796682	",8,0,8
405,"940823977898934272	",8,0,8
407,"1388143952	",8,0,8
408,"3317164207	",8,0,8
412,"2397641382	",8,0,8
413,"161797179	",8,0,8
416,"1080222360643485698	",8,0,8
422,"2265634934	",8,0,8
428,"1695140762	",8,0,8
429,"931589060	",8,0,8
431,"261331800	",8,0,8
433,"948389532671578112	",8,0,8
439,"1193240211498647554	",8,0,8
440,"1018448949768802305	",8,0,8
441,"364415553	",8,0,8
445,"267151207	",8,0,8
447,"986975684038922242	",8,0,8
450,"1281507211215331329	",8,0,8
452,"1232081021643915264	",8,0,8
455,"395700994	",8,0,8
456,"896822652	",8,0,8
457,"824370532875436032	",8,0,8
461,"1272959586706874370	",8,0,8
462,"1275237500164820993	",8,0,8
466,"837059524892622850	",8,0,8
467,"4858957965	",8,0,8
468,"1109633999390019584	",8,0,8
471,"1243382089740738561	",8,0,8
473,"904347217783382021	",8,0,8
478,"1283190892162162689	",8,0,8
480,"1282495196270170112	",8,0,8
482,"304536071	",8,0,8
484,"394320812	",8,0,8
486,"1280859466469179393	",8,0,8
487,"947974398316859392	",8,0,8
489,"1272727034775564289	",8,0,8
491,"856322197832511488	",8,0,8
494,"1070015196633063424	",8,0,8
497,"829787368588603392	",8,0,8
499,"996374618	",8,0,8
500,"1526287706	",8,0,8
502,"706060437062692864	",8,0,8
503,"1246410256516857856	",8,0,8
506,"1252719223077588995	",8,0,8
507,"835939554054004736	",8,0,8
511,"822193020263075840	",8,0,8
512,"833384923675361281	",8,0,8
513,"250684785	",8,0,8
519,"1265111553977643008	",8,0,8
522,"529026605	",8,0,8
525,"841626696075886599	",8,0,8
526,"1261352499577053185	",8,0,8
527,"1177987198131429378	",8,0,8
529,"5875332	",8,0,8
532,"831544581330202625	",8,0,8
537,"1037116588615512064	",8,0,8
539,"241353564	",8,0,8
542,"4919898971	",8,0,8
543,"301138086	",8,0,8
547,"819767130023309312	",8,0,8
548,"740351899614871553	",8,0,8
549,"1212179593471262721	",8,0,8
555,"446892460	",8,0,8
556,"221169740	",8,0,8
558,"1234916507286532096	",8,0,8
560,"28853711	",8,0,8
562,"883542966475870208	",8,0,8
565,"1217087286959124481	",8,0,8
568,"1003107003693137921	",8,0,8
571,"1214631409161248768	",8,0,8
576,"1223320745054482432	",8,0,8
583,"90935739	",8,0,8
585,"872914171276521473	",8,0,8
588,"66514379	",8,0,8
589,"266391097	",8,0,8
594,"289002347	",8,0,8
596,"1208227944365207552	",8,0,8
597,"4149668714	",8,0,8
598,"870341633497288704	",8,0,8
600,"808346499289587712	",8,0,8
603,"885935827	",8,0,8
609,"989831863	",8,0,8
611,"112622376	",8,0,8
613,"209763044	",8,0,8
616,"713734701190479872	",8,0,8
617,"1038166503982546944	",8,0,8
618,"2158345946	",8,0,8
619,"2493374656	",8,0,8
620,"122280853	",8,0,8
621,"787506227483934720	",8,0,8
623,"720523703822524416	",8,0,8
624,"798534375084322816	",8,0,8
625,"1178859032586653698	",8,0,8
628,"214615758	",8,0,8
633,"416454925	",8,0,8
634,"807722773	",8,0,8
637,"1212939756885032970	",8,0,8
638,"752128000234229761	",8,0,8
640,"27673349	",8,0,8
642,"130134063	",8,0,8
644,"77092246	",8,0,8
650,"290980590	",8,0,8
653,"833766684968222720	",8,0,8
655,"1306106010	",8,0,8
660,"1038859633983741952	",8,0,8
662,"1323214644	",8,0,8
667,"852405083128070148	",8,0,8
670,"764761604	",8,0,8
671,"3363749087	",8,0,8
674,"339989496	",8,0,8
683,"737883941970006016	",8,0,8
686,"107038105	",8,0,8
689,"1184116927662301184	",8,0,8
690,"278287791	",8,0,8
691,"1186778043286769665	",8,0,8
694,"769757686233563136	",8,0,8
699,"2197653301	",8,0,8
700,"272703444	",8,0,8
707,"861611548250394624	",8,0,8
708,"779942534	",8,0,8
717,"1021144148114632711	",8,0,8
718,"19045362	",8,0,8
723,"104528948	",8,0,8
726,"369290210	",8,0,8
727,"839692420073709569	",8,0,8
729,"1080587263132733442	",8,0,8
730,"14629175	",8,0,8
735,"3364872145	",8,0,8
736,"1109155924722085888	",8,0,8
737,"72643108	",8,0,8
739,"1080875913926139910	",8,0,8
740,"1160568491306393600	",8,0,8
742,"36491229	",8,0,8
744,"16851297	",8,0,8
745,"1170024932950106113	",8,0,8
749,"825571755594915840	",8,0,8
750,"624205704	",8,0,8
753,"4876412900	",8,0,8
756,"1162779138740015104	",8,0,8
760,"1143389652667121678	",8,0,8
761,"764173675721465856	",8,0,8
763,"1153373963080388611	",8,0,8
765,"1155614454886862848	",8,0,8
772,"1151416469810536449	",8,0,8
775,"174683908	",8,0,8
780,"1142413923125202949	",8,0,8
783,"1111636173099663360	",8,0,8
784,"4364923707	",8,0,8
785,"1153803676487770112	",8,0,8
793,"1144779597793415168	",8,0,8
795,"1063916328443097089	",8,0,8
797,"192955168	",8,0,8
798,"701651360165588992	",8,0,8
803,"41126638	",8,0,8
806,"1001654556055494658	",8,0,8
813,"1564887031	",8,0,8
817,"252203999	",8,0,8
818,"834511028641624066	",8,0,8
824,"47374533	",8,0,8
827,"103025415	",8,0,8
828,"1481101687	",8,0,8
830,"465217309	",8,0,8
832,"4744426183	",8,0,8
833,"93309564	",8,0,8
834,"27493883	",8,0,8
836,"837400374428368900	",8,0,8
838,"2709836623	",8,0,8
840,"1257719485	",8,0,8
849,"835373689	",8,0,8
850,"365255153	",8,0,8
852,"14739250	",8,0,8
853,"1095300548436340739	",8,0,8
855,"14377605	",8,0,8
860,"888462978571526144	",8,0,8
863,"1080738159338520578	",8,0,8
866,"1119998754558341121	",8,0,8
867,"89829816	",8,0,8
869,"1287439184	",8,0,8
891,"797547199928422401	",8,0,8
893,"725303700835684354	",8,0,8
894,"19044158	",8,0,8
896,"218658092	",8,0,8
903,"518845264	",8,0,8
908,"112604693	",8,0,8
911,"1103002010406682624	",8,0,8
913,"1081662710092312577	",8,0,8
918,"2188519142	",8,0,8
922,"915002523584487424	",8,0,8
926,"17467699	",8,0,8
927,"748336809667489792	",8,0,8
933,"1001101255312228354	",8,0,8
936,"1069313461526634496	",8,0,8
938,"93035245	",8,0,8
939,"1320975812	",8,0,8
945,"67820004	",8,0,8
946,"2788688568	",8,0,8
947,"716813053	",8,0,8
952,"715566628138778624	",8,0,8
959,"1079769536730140672	",8,0,8
962,"989527676	",8,0,8
965,"588451126	",8,0,8
971,"971387237211533313	",8,0,8
973,"7743292	",8,0,8
983,"731470143444910080	",8,0,8
988,"86213867	",8,0,8
989,"862857312612044800	",8,0,8
991,"1080695666760929280	",8,0,8
994,"68898970	",8,0,8
997,"1037325069331169280	",8,0,8
1000,"2193135944	",8,0,8
1001,"41173731	",8,0,8
1003,"867581339746406401	",8,0,8
1004,"2591357336	",8,0,8
1005,"459565355	",8,0,8
1006,"106784613	",8,0,8
1012,"313467023	",8,0,8
1014,"817333964465729536	",8,0,8
1015,"920851175783542784	",8,0,8
1016,"201147289	",8,0,8
1018,"2828762322	",8,0,8
1021,"81939735	",8,0,8
1023,"22185506	",8,0,8
1025,"1059495656	",8,0,8
1026,"20288735	",8,0,8
1028,"16276307	",8,0,8
1031,"803593153521582080	",8,0,8
1033,"1240681	",8,0,8
1036,"900915316464766977	",8,0,8
1038,"2169122401	",8,0,8
1041,"563842752	",8,0,8
1042,"256600333	",8,0,8
1047,"980941320758988801	",8,0,8
1048,"755096123954651136	",8,0,8
1050,"1058862840486879232	",8,0,8
1051,"735515621165793280	",8,0,8
1052,"887507012795252736	",8,0,8
1053,"1056634891901767680	",8,0,8
1056,"1016423469062545409	",8,0,8
1059,"365444515	",8,0,8
1061,"580073682	",8,0,8
1065,"3670252994	",8,0,8
1074,"957775598062940160	",8,0,8
1076,"369248936	",8,0,8
1077,"14296270	",8,0,8
1078,"15684851	",8,0,8
1080,"2329812913	",8,0,8
1083,"975417232741330945	",8,0,8
1084,"2429763276	",8,0,8
1086,"1579639148	",8,0,8
1093,"929428645	",8,0,8
1095,"24870490	",8,0,8
1097,"242921623	",8,0,8
1104,"1022244468089606144	",8,0,8
1106,"2384589829	",8,0,8
1108,"1201759052	",8,0,8
1109,"17324944	",8,0,8
1114,"825717235977068545	",8,0,8
1115,"1042513408376139776	",8,0,8
1119,"1032653585148870657	",8,0,8
1121,"266170473	",8,0,8
1122,"48912281	",8,0,8
1123,"21892405	",8,0,8
1125,"26813767	",8,0,8
1133,"11829512	",8,0,8
1141,"28711359	",8,0,8
1142,"1033486659017265152	",8,0,8
1148,"1008833426261147650	",8,0,8
1149,"23014642	",8,0,8
1152,"66332186	",8,0,8
1155,"2731072181	",8,0,8
1158,"1029005944771014656	",8,0,8
1160,"979087419499663360	",8,0,8
1163,"246357149	",8,0,8
1164,"726677556	",8,0,8
1166,"407606770	",8,0,8
1168,"19078560	",8,0,8
1171,"1022683545234497536	",8,0,8
1173,"921871738027220992	",8,0,8
1176,"4088681525	",8,0,8
1178,"1874106846	",8,0,8
1184,"3031679981	",8,0,8
1192,"1678289870	",8,0,8
1194,"501220460	",8,0,8
1198,"48759424	",8,0,8
1200,"998704917601771526	",8,0,8
1201,"23677910	",8,0,8
1203,"354682355	",8,0,8
1204,"4644170814	",8,0,8
1205,"479872233	",8,0,8
1209,"988524542288187397	",8,0,8
1213,"967513628218867714	",8,0,8
1215,"1009827037568208896	",8,0,8
1217,"776178571786145793	",8,0,8
1218,"19040839	",8,0,8
1221,"25217108	",8,0,8
1223,"136164214	",8,0,8
1224,"983495718810857474	",8,0,8
1225,"34472721	",8,0,8
1228,"86830729	",8,0,8
1231,"44409040	",8,0,8
1233,"16050065	",8,0,8
1234,"21053150	",8,0,8
1239,"815798574437044224	",8,0,8
1240,"731493239836966913	",8,0,8
1241,"59060656	",8,0,8
1243,"82455956	",8,0,8
1245,"374266209	",8,0,8
1248,"1662943783	",8,0,8
1250,"34609790	",8,0,8
1253,"796524450627862529	",8,0,8
1254,"62194706	",8,0,8
1260,"466953226	",8,0,8
1262,"1252907875	",8,0,8
1263,"251118812	",8,0,8
1266,"241109025	",8,0,8
1269,"790657468560990208	",8,0,8
1272,"247100165	",8,0,8
1273,"976562816772722689	",8,0,8
1276,"41180730	",8,0,8
1277,"3224707173	",8,0,8
1280,"2309285172	",8,0,8
1282,"970495328150433794	",8,0,8
1285,"1243902714	",8,0,8
1286,"969699590709698562	",8,0,8
1289,"818573387161288705	",8,0,8
1291,"38111382	",8,0,8
1294,"938242137837199360	",8,0,8
1295,"835283718734561280	",8,0,8
1296,"1703575711	",8,0,8
1297,"2211370646	",8,0,8
1300,"108359920	",8,0,8
1302,"747865636060069888	",8,0,8
1303,"724461072325824513	",8,0,8
1309,"27943005	",8,0,8
1310,"189237956	",8,0,8
1311,"805471657422819328	",8,0,8
1313,"3092921	",8,0,8
1315,"1505926237	",8,0,8
1316,"869660647826628609	",8,0,8
1317,"738038707249287168	",8,0,8
1318,"44927531	",8,0,8
1319,"254344008	",8,0,8
1321,"3345238775	",8,0,8
1322,"49159747	",8,0,8
1323,"363814323	",8,0,8
1324,"1150120711	",8,0,8
1325,"844601832135671808	",8,0,8
1327,"812098370722529282	",8,0,8
1329,"131012155	",8,0,8
1330,"19225446	",8,0,8
1331,"1921155122	",8,0,8
1335,"33949856	",8,0,8
1336,"927793168459825152	",8,0,8
1346,"442272785	",8,0,8
1351,"2612046063	",8,0,8
1353,"743203075750453248	",8,0,8
1356,"823222333041217537	",8,0,8
1357,"4196533638	",8,0,8
1359,"949653078957023232	",8,0,8
1362,"929872507242344448	",8,0,8
1365,"898565402346827779	",8,0,8
1366,"327193460	",8,0,8
1368,"1604230496	",8,0,8
1370,"168774594	",8,0,8
1371,"788075355856773120	",8,0,8
1382,"943974193246425088	",8,0,8
1386,"123071061	",8,0,8
1389,"42961677	",8,0,8
1390,"17184213	",8,0,8
1391,"25464300	",8,0,8
1392,"781921082198597632	",8,0,8
1397,"346171723	",8,0,8
1398,"822595586050428928	",8,0,8
1401,"842813387230924810	",8,0,8
1402,"2339371028	",8,0,8
1416,"61555263	",8,0,8
1418,"2432155970	",8,0,8
1419,"121932578	",8,0,8
1420,"786260068106842112	",8,0,8
1425,"24952108	",8,0,8
1427,"21708729	",8,0,8
1429,"411083177	",8,0,8
1436,"878388861109387265	",8,0,8
1438,"818706038014607360	",8,0,8
1445,"803984530700910593	",8,0,8
1453,"374225300	",8,0,8
1454,"216336668	",8,0,8
1455,"759890626276122624	",8,0,8
1456,"823318360238723072	",8,0,8
1457,"2736737444	",8,0,8
1458,"2904520408	",8,0,8
1460,"222356933	",8,0,8
1467,"19410161	",8,0,8
1468,"58351787	",8,0,8
1469,"14860210	",8,0,8
1471,"1726702610	",8,0,8
1472,"266090983	",8,0,8
1474,"3573191833	",8,0,8
1476,"63796505	",8,0,8
1478,"1035787692	",8,0,8
1481,"4470038595	",8,0,8
1490,"824312957194551296	",8,0,8
1491,"1365990848	",8,0,8
1493,"826199999625195520	",8,0,8
1498,"2258208914	",8,0,8
1500,"2883509212	",8,0,8
1504,"911490129071456257	",8,0,8
1508,"2227462382	",8,0,8
1510,"859466674407432194	",8,0,8
1512,"27567191	",8,0,8
1513,"1525738189	",8,0,8
1521,"366280473	",8,0,8
1526,"824781238716289026	",8,0,8
1527,"330553026	",8,0,8
1530,"882821566412804096	",8,0,8
1534,"912760052	",8,0,8
1537,"300597061	",8,0,8
1539,"901268039018086401	",8,0,8
1540,"861290347007066112	",8,0,8
1544,"37131103	",8,0,8
1547,"904971474	",8,0,8
1549,"55650480	",8,0,8
1551,"872702205941383169	",8,0,8
1557,"42351212	",8,0,8
1560,"876558081026600963	",8,0,8
1561,"16302731	",8,0,8
1564,"3401329126	",8,0,8
1565,"1499766840	",8,0,8
1567,"49243001	",8,0,8
1572,"277721269	",8,0,8
1573,"21258970	",8,0,8
1576,"22205226	",8,0,8
1578,"17243703	",8,0,8
1579,"783441969276039168	",8,0,8
1580,"824972976584003584	",8,0,8
1581,"34294566	",8,0,8
1582,"117533779	",8,0,8
1584,"3351839753	",8,0,8
1586,"942605209	",8,0,8
1588,"16405069	",8,0,8
1593,"84824482	",8,0,8
1596,"443343143	",8,0,8
1597,"889162087401914369	",8,0,8
1599,"3060209151	",8,0,8
1603,"1666044660	",8,0,8
1604,"462276895	",8,0,8
1607,"123227057	",8,0,8
1608,"146160591	",8,0,8
1616,"14185448	",8,0,8
1617,"32231878	",8,0,8
1618,"884235638215716864	",8,0,8
1622,"876945607650418688	",8,0,8
1624,"231156352	",8,0,8
1626,"880615084724060160	",8,0,8
1627,"1055706595	",8,0,8
1636,"22076980	",8,0,8
1639,"879488944001343488	",8,0,8
1640,"344247978	",8,0,8
1642,"879048454009487361	",8,0,8
1643,"2750105810	",8,0,8
1644,"2174773279	",8,0,8
1646,"525731460	",8,0,8
1649,"327629269	",8,0,8
1651,"796919320832053248	",8,0,8
1656,"46799398	",8,0,8
1661,"18216939	",8,0,8
1662,"92757890	",8,0,8
1663,"708087966	",8,0,8
1665,"3252273118	",8,0,8
1666,"62272582	",8,0,8
1667,"24162364	",8,0,8
1669,"27569272	",8,0,8
1670,"2608743390	",8,0,8
1672,"16622227	",8,0,8
1673,"168919083	",8,0,8
1674,"1855861513	",8,0,8
1675,"99162774	",8,0,8
1676,"167550475	",8,0,8
1677,"858354574893219840	",8,0,8
1678,"788125256619663360	",8,0,8
1679,"229518601	",8,0,8
1680,"3218947775	",8,0,8
1683,"471688044	",8,0,8
1684,"2703556564	",8,0,8
1686,"780577023706091520	",8,0,8
1689,"719176481897730048	",8,0,8
1691,"245163462	",8,0,8
1692,"941619613	",8,0,8
1693,"817923486165372930	",8,0,8
1694,"4286702359	",8,0,8
1696,"40687982	",8,0,8
1698,"301619127	",8,0,8
1699,"17340026	",8,0,8
1700,"35463382	",8,0,8
1703,"105817776	",8,0,8
1706,"50158414	",8,0,8
1707,"903902544	",8,0,8
1709,"306422045	",8,0,8
1710,"590903329	",8,0,8
1713,"190897476	",8,0,8
1720,"433158220	",8,0,8
1722,"322921197	",8,0,8
1723,"865226519412563970	",8,0,8
1724,"867134900700184576	",8,0,8
1725,"706441436	",8,0,8
1728,"842450609055784961	",8,0,8
1729,"1450189518	",8,0,8
1731,"30250871	",8,0,8
1737,"22092017	",8,0,8
1738,"3085005586	",8,0,8
1740,"18849062	",8,0,8
1744,"210078061	",8,0,8
1746,"15276401	",8,0,8
1757,"17783085	",8,0,8
1760,"3984872717	",8,0,8
1765,"768233740942258176	",8,0,8
1769,"853745135053455360	",8,0,8
1776,"3240966374	",8,0,8
1778,"847684585697681409	",8,0,8
1779,"853060499163959296	",8,0,8
1780,"729875743988187136	",8,0,8
1781,"121336026	",8,0,8
1785,"381743591	",8,0,8
1786,"1516953673	",8,0,8
1788,"3176357272	",8,0,8
1789,"760690321474850816	",8,0,8
1794,"23104128	",8,0,8
1796,"25941400	",8,0,8
1797,"902448516	",8,0,8
1798,"4758714008	",8,0,8
1799,"267616818	",8,0,8
1803,"395697608	",8,0,8
1805,"46219137	",8,0,8
1807,"80891158	",8,0,8
1808,"790404698993860608	",8,0,8
1809,"224444559	",8,0,8
1810,"180209492	",8,0,8
1813,"93312156	",8,0,8
1815,"346782751	",8,0,8
1819,"840652540031168512	",8,0,8
1820,"3808079775	",8,0,8
1823,"3070240721	",8,0,8
1826,"66653984	",8,0,8
1827,"51330975	",8,0,8
1828,"3127075077	",8,0,8
1829,"340616322	",8,0,8
1834,"28354946	",8,0,8
1835,"822647136097566720	",8,0,8
1836,"2200221	",8,0,8
1841,"863108401	",8,0,8
1844,"216140677	",8,0,8
1847,"2318516194	",8,0,8
1848,"360894777	",8,0,8
1851,"2349128196	",8,0,8
1852,"3222286221	",8,0,8
1854,"15963558	",8,0,8
1855,"701785700908269568	",8,0,8
1858,"14111373	",8,0,8
1865,"208692908	",8,0,8
1866,"3741450375	",8,0,8
1872,"306571127	",8,0,8
1875,"828723463359651841	",8,0,8
1878,"1120959068	",8,0,8
1879,"766492869490278400	",8,0,8
1880,"58759418	",8,0,8
1881,"524515818	",8,0,8
1882,"798331007988482049	",8,0,8
1884,"94036554	",8,0,8
1885,"2566022240	",8,0,8
1886,"472637149	",8,0,8
1887,"16872944	",8,0,8
1888,"404419517	",8,0,8
1890,"4013224959	",8,0,8
1891,"538467434	",8,0,8
1892,"4852699245	",8,0,8
1893,"717836709271052289	",8,0,8
1894,"7027112	",8,0,8
1895,"69411258	",8,0,8
1897,"45864195	",8,0,8
1898,"53459218	",8,0,8
1899,"61557941	",8,0,8
1900,"133570135	",8,0,8
1901,"44959505	",8,0,8
1902,"3280183022	",8,0,8
1903,"816831684939235328	",8,0,8
1906,"24845003	",8,0,8
1908,"17259137	",8,0,8
1910,"45386712	",8,0,8
1914,"1252577276	",8,0,8
1917,"346860012	",8,0,8
1918,"1491795722	",8,0,8
1919,"822585233249882112	",8,0,8
1920,"16588791	",8,0,8
1921,"824734986418974725	",8,0,8
1922,"753467727818346496	",8,0,8
1923,"700460959039627266	",8,0,8
1927,"3289428751	",8,0,8
1929,"492553483	",8,0,8
1930,"746787204651950080	",8,0,8
1936,"2546406866	",8,0,8
1940,"1130644273	",8,0,8
1942,"554674982	",8,0,8
1943,"16260670	",8,0,8
1944,"20649389	",8,0,8
1947,"55388467	",8,0,8
1950,"15842543	",8,0,8
1951,"2616124279	",8,0,8
1954,"58863403	",8,0,8
1955,"2176070132	",8,0,8
1956,"1885398890	",8,0,8
1957,"580087447	",8,0,8
1962,"24090716	",8,0,8
1964,"1237638588	",8,0,8
1967,"2508330596	",8,0,8
1969,"1741917764	",8,0,8
1970,"16372633	",8,0,8
1976,"757104237931364352	",8,0,8
1980,"112857411	",8,0,8
1995,"2328900007	",8,0,8
1997,"932889090	",8,0,8
1998,"4813986674	",8,0,8
1999,"262056324	",8,0,8
2001,"790737018	",8,0,8
2004,"819442707500150784	",8,0,8
2005,"818841776375087104	",8,0,8
2012,"1881390302	",8,0,8
2014,"798300135277154304	",8,0,8
2015,"24880446	",8,0,8
2017,"25072892	",8,0,8
2021,"225117039	",8,0,8
2024,"2413913117	",8,0,8
2025,"3537503898	",8,0,8
2027,"824419722	",8,0,8
2028,"17798658	",8,0,8
2034,"49462929	",8,0,8
2038,"193947903	",8,0,8
2042,"47096359	",8,0,8
2045,"7273602	",8,0,8
2047,"531262135	",8,0,8
2051,"33980127	",8,0,8
2052,"740020822585249792	",8,0,8
2053,"578051713	",8,0,8
2055,"4693310882	",8,0,8
2057,"51681238	",8,0,8
2060,"710183821120020481	",8,0,8
2061,"2521815104	",8,0,8
2063,"423055537	",8,0,8
2064,"483582443	",8,0,8
2066,"801825680266760192	",8,0,8
2068,"3106508989	",8,0,8
2071,"154253371	",8,0,8
2074,"18175077	",8,0,8
2075,"15115280	",8,0,8
2076,"16790377	",8,0,8
2077,"321722673	",8,0,8
2083,"528462234	",8,0,8
2084,"788920599208923138	",8,0,8
2086,"45674330	",8,0,8
2087,"41669035	",8,0,8
2091,"153486399	",8,0,8
2101,"712279162871013380	",8,0,8
2104,"803509376	",8,0,8
2110,"420604589	",8,0,8
2111,"248735463	",8,0,8
2112,"2962868158	",8,0,8
2114,"179703126	",8,0,8
2117,"742731683573555201	",8,0,8
2121,"2591675300	",8,0,8
2124,"741976783952695297	",8,0,8
2126,"150449842	",8,0,8
2133,"718375439367028737	",8,0,8
2138,"2816780812	",8,0,8
2143,"423753233	",8,0,8
2150,"4693654836	",8,0,8
2153,"576529977	",8,0,8
2157,"3683113160	",8,0,8
2161,"40302336	",8,0,8
2164,"3144901238	",8,0,8
2165,"3302142042	",8,0,8
2171,"193850359	",8,0,8
2184,"2612739661	",8,0,8
2187,"565119261	",8,0,8
2191,"408162270	",8,0,8
2199,"182794170	",8,0,8
2204,"631876809	",8,0,8
2222,"20517132	",8,0,8
2228,"78569026	",8,0,8
2238,"1222257180	",8,0,8
2253,"140519774	",8,0,8
2256,"14597351	",8,0,8
2269,"1406073309372944385	",7,0,7
2271,"4229639412	",7,0,7
2276,"1413727470251954176	",7,0,7
2278,"784577642255228928	",7,0,7
2281,"1371498786959159296	",7,0,7
2282,"24044676	",7,0,7
2283,"1298908998054236162	",7,0,7
2284,"1355206938167029765	",7,0,7
2286,"1366595670606553093	",7,0,7
2287,"1407786693869113352	",7,0,7
2289,"1233957967554371585	",7,0,7
2292,"3787510822	",7,0,7
2295,"1031192405045923844	",7,0,7
2303,"4590775588	",7,0,7
2308,"1332463628763729921	",7,0,7
2309,"1307157126775701505	",7,0,7
2312,"1396947692660527105	",7,0,7
2313,"3352547174	",7,0,7
2316,"815021659723689984	",7,0,7
2318,"1376585652775612426	",7,0,7
2321,"1053535386	",7,0,7
2322,"895894801	",7,0,7
2324,"1112414405638213632	",7,0,7
2327,"1358209820130762752	",7,0,7
2328,"181689613	",7,0,7
2329,"1357066144696291329	",7,0,7
2331,"1388868777610289152	",7,0,7
2332,"1387505548774440964	",7,0,7
2338,"1104275965306236928	",7,0,7
2339,"366361263	",7,0,7
2340,"1349821459682652160	",7,0,7
2342,"24061160	",7,0,7
2343,"1382457257837875205	",7,0,7
2346,"1670628024	",7,0,7
2355,"1375657247397699589	",7,0,7
2356,"973716667049144322	",7,0,7
2357,"1381789878489378822	",7,0,7
2358,"1380167680091652102	",7,0,7
2359,"1381323849409703937	",7,0,7
2360,"1361074317308608514	",7,0,7
2362,"847953068528467969	",7,0,7
2365,"1183006666868101120	",7,0,7
2366,"747579415	",7,0,7
2367,"1347612246411771904	",7,0,7
2368,"838973792391135232	",7,0,7
2369,"1325107753849909248	",7,0,7
2371,"41766933	",7,0,7
2372,"1325818906838228992	",7,0,7
2373,"1375181795428294664	",7,0,7
2374,"17015207	",7,0,7
2376,"1371674220443402241	",7,0,7
2377,"1373181036306124802	",7,0,7
2380,"46037305	",7,0,7
2382,"1155848287402020864	",7,0,7
2385,"832669199302541312	",7,0,7
2386,"24011999	",7,0,7
2387,"953054335004561408	",7,0,7
2388,"328793104	",7,0,7
2390,"20130123	",7,0,7
2392,"1260852616826773505	",7,0,7
2393,"946234613667713029	",7,0,7
2395,"24390558	",7,0,7
2397,"29173729	",7,0,7
2398,"796927040079482880	",7,0,7
2399,"890906294021959681	",7,0,7
2400,"3267049040	",7,0,7
2402,"125731222	",7,0,7
2403,"1348787518850871297	",7,0,7
2404,"2459033677	",7,0,7
2405,"1128984849543507969	",7,0,7
2406,"288448948	",7,0,7
2407,"1346893879862300675	",7,0,7
2408,"457695309	",7,0,7
2410,"1342613491710971904	",7,0,7
2411,"587180044	",7,0,7
2412,"2619988571	",7,0,7
2415,"1353469216557461504	",7,0,7
2419,"2580766700	",7,0,7
2420,"1367935850617700361	",7,0,7
2421,"1354528373679263750	",7,0,7
2423,"49446566	",7,0,7
2424,"79072972	",7,0,7
2427,"1352002195504455681	",7,0,7
2430,"1367712316423299076	",7,0,7
2432,"1359640380409434113	",7,0,7
2433,"14093753	",7,0,7
2435,"16210339	",7,0,7
2436,"1031663907637788677	",7,0,7
2437,"728327851506806786	",7,0,7
2438,"22817477	",7,0,7
2440,"1197915165615767553	",7,0,7
2441,"876905495675543552	",7,0,7
2442,"1348324102570987520	",7,0,7
2443,"981408193191477248	",7,0,7
2444,"349065772	",7,0,7
2445,"1290707253516001282	",7,0,7
2446,"2165524996	",7,0,7
2447,"1275350394902704129	",7,0,7
2455,"1284241237407666176	",7,0,7
2456,"1353325453889724416	",7,0,7
2460,"826910727600345088	",7,0,7
2461,"51241418	",7,0,7
2462,"4048164556	",7,0,7
2463,"47016959	",7,0,7
2464,"1362827673752461312	",7,0,7
2468,"1549239715	",7,0,7
2470,"1225147380284018688	",7,0,7
2471,"457111170	",7,0,7
2472,"1364276054777597952	",7,0,7
2475,"1138634874141569025	",7,0,7
2477,"880083223203774467	",7,0,7
2479,"4172795595	",7,0,7
2481,"1362870551669317635	",7,0,7
2483,"1339778009599864832	",7,0,7
2485,"1967749664	",7,0,7
2488,"1153268933769748480	",7,0,7
2491,"1111890113309491201	",7,0,7
2493,"2310974014	",7,0,7
2494,"1351733223320125441	",7,0,7
2496,"106300696	",7,0,7
2499,"1351236267707654145	",7,0,7
2502,"1031756039782367233	",7,0,7
2503,"1323429648521437184	",7,0,7
2504,"594280933	",7,0,7
2505,"161413411	",7,0,7
2506,"527606802	",7,0,7
2512,"570541911	",7,0,7
2513,"25339197	",7,0,7
2514,"1186018522226397189	",7,0,7
2516,"1354084753679544320	",7,0,7
2517,"1290004838059855872	",7,0,7
2521,"1319484627212324865	",7,0,7
2523,"1324387374659489798	",7,0,7
2526,"1251572776420458504	",7,0,7
2527,"1334678651183362048	",7,0,7
2528,"1251291183667728387	",7,0,7
2531,"824352584920141824	",7,0,7
2533,"1078749802765139968	",7,0,7
2534,"769640918999785472	",7,0,7
2536,"1346407240736112640	",7,0,7
2541,"59782509	",7,0,7
2543,"1356337499556237312	",7,0,7
2545,"1277625756986851328	",7,0,7
2546,"896528833163034624	",7,0,7
2548,"1358589936061079552	",7,0,7
2550,"22738581	",7,0,7
2551,"1041100059482284032	",7,0,7
2554,"1265182814158360577	",7,0,7
2555,"2887972108	",7,0,7
2556,"389562310	",7,0,7
2561,"38977910	",7,0,7
2562,"1188150941486370816	",7,0,7
2563,"1054443810632036352	",7,0,7
2565,"1311907881030234113	",7,0,7
2566,"574356213	",7,0,7
2567,"1089104733044948993	",7,0,7
2568,"28161150	",7,0,7
2571,"885953316013912064	",7,0,7
2573,"40527294	",7,0,7
2574,"1182057763418951680	",7,0,7
2575,"345109248	",7,0,7
2576,"1356049002513518594	",7,0,7
2579,"600541926	",7,0,7
2580,"295503562	",7,0,7
2583,"1159906366183444481	",7,0,7
2584,"2802250017	",7,0,7
2585,"1347336920251166726	",7,0,7
2586,"258120953	",7,0,7
2589,"785678605112061952	",7,0,7
2590,"1120730885358223365	",7,0,7
2597,"1325178890520719360	",7,0,7
2599,"1347032102689234944	",7,0,7
2601,"2579241129	",7,0,7
2604,"1151318682880098306	",7,0,7
2608,"1324681636403884032	",7,0,7
2611,"38166479	",7,0,7
2614,"1091933573609861120	",7,0,7
2616,"1266515899957284871	",7,0,7
2617,"108042546	",7,0,7
2621,"1247764434547691523	",7,0,7
2622,"21426931	",7,0,7
2623,"1268937798888951809	",7,0,7
2624,"161840293	",7,0,7
2626,"3271140667	",7,0,7
2627,"1198677661578616832	",7,0,7
2628,"1351954696324300800	",7,0,7
2629,"1353433484497457152	",7,0,7
2634,"1346273334749753353	",7,0,7
2635,"922538293845094401	",7,0,7
2637,"979745256668147712	",7,0,7
2639,"28894978	",7,0,7
2640,"919217377	",7,0,7
2641,"436297814	",7,0,7
2642,"143506475	",7,0,7
2644,"35779645	",7,0,7
2646,"720776556	",7,0,7
2647,"990686306933014538	",7,0,7
2648,"1088771298593886208	",7,0,7
2649,"4877697136	",7,0,7
2650,"929969485	",7,0,7
2651,"1289986342701748224	",7,0,7
2655,"58425534	",7,0,7
2656,"117697072	",7,0,7
2657,"28499200	",7,0,7
2658,"1262513864	",7,0,7
2659,"330820947	",7,0,7
2660,"302422984	",7,0,7
2661,"1350303464732168193	",7,0,7
2662,"812449239838113793	",7,0,7
2663,"737517318	",7,0,7
2665,"3037562837	",7,0,7
2666,"2600976060	",7,0,7
2667,"1237497119109451777	",7,0,7
2672,"3237885852	",7,0,7
2675,"918125604792397824	",7,0,7
2676,"966112867937173505	",7,0,7
2679,"1161411971482378241	",7,0,7
2680,"1349931038663962624	",7,0,7
2682,"703628469373157376	",7,0,7
2684,"25430336	",7,0,7
2687,"1173111551106138112	",7,0,7
2695,"3090227045	",7,0,7
2696,"22738099	",7,0,7
2698,"4575657256	",7,0,7
2701,"30766147	",7,0,7
2706,"780958067215269889	",7,0,7
2714,"962505183539449856	",7,0,7
2716,"825095876272128001	",7,0,7
2717,"1099759302137372673	",7,0,7
2718,"1333591263795441665	",7,0,7
2721,"29761740	",7,0,7
2725,"1346300584421449730	",7,0,7
2726,"1346378525717233666	",7,0,7
2727,"868247672410562562	",7,0,7
2733,"1097964441356984321	",7,0,7
2737,"10160072	",7,0,7
2742,"49140126	",7,0,7
2744,"1081384884306890752	",7,0,7
2745,"4047973707	",7,0,7
2754,"2384234460	",7,0,7
2756,"1235005595863986176	",7,0,7
2757,"253587095	",7,0,7
2761,"1338570755940954124	",7,0,7
2762,"701039383479070720	",7,0,7
2764,"2980601683	",7,0,7
2765,"1326201123057831943	",7,0,7
2769,"829674769838600192	",7,0,7
2771,"1236501005254176768	",7,0,7
2772,"2567359718	",7,0,7
2773,"1050582156689330177	",7,0,7
2774,"1214739329211232261	",7,0,7
2778,"338650847	",7,0,7
2780,"1314323843218132997	",7,0,7
2783,"1307490827845992449	",7,0,7
2786,"1257621715385024512	",7,0,7
2788,"1246847720071012356	",7,0,7
2789,"1179485250885476355	",7,0,7
2790,"990601114360991745	",7,0,7
2791,"1046315182014812160	",7,0,7
2794,"1285472508234174464	",7,0,7
2796,"832290697	",7,0,7
2797,"44920489	",7,0,7
2804,"16438570	",7,0,7
2805,"913062748032049153	",7,0,7
2808,"1270021333359800322	",7,0,7
2809,"1283931447892389888	",7,0,7
2812,"1325646751353729024	",7,0,7
2814,"147458619	",7,0,7
2823,"1228937832422461442	",7,0,7
2824,"839624139560390658	",7,0,7
2825,"1281291976806141953	",7,0,7
2827,"2506268300	",7,0,7
2828,"3044443678	",7,0,7
2832,"415018142	",7,0,7
2833,"255147668	",7,0,7
2835,"1316354576170221568	",7,0,7
2837,"14205242	",7,0,7
2838,"1318583498920415233	",7,0,7
2839,"2946775591	",7,0,7
2840,"592010863	",7,0,7
2841,"1313927128283525120	",7,0,7
2842,"1214338770729877511	",7,0,7
2844,"827164333880786946	",7,0,7
2845,"335091935	",7,0,7
2846,"858636732	",7,0,7
2851,"374380693	",7,0,7
2852,"20453374	",7,0,7
2854,"1293634775773782018	",7,0,7
2855,"42519569	",7,0,7
2857,"3242789360	",7,0,7
2859,"1298325068972527616	",7,0,7
2861,"1316395301255540736	",7,0,7
2863,"924763057	",7,0,7
2865,"420831485	",7,0,7
2869,"915410579270942720	",7,0,7
2870,"1313908775766626305	",7,0,7
2871,"388937243	",7,0,7
2873,"1304831943771648002	",7,0,7
2874,"421608234	",7,0,7
2877,"798360156559982592	",7,0,7
2878,"803763624	",7,0,7
2879,"1165997336125796352	",7,0,7
2880,"881374794926534656	",7,0,7
2881,"2916856511	",7,0,7
2884,"1113492745279156224	",7,0,7
2886,"805425011267866625	",7,0,7
2887,"881682425365098497	",7,0,7
2888,"1188617665943920641	",7,0,7
2889,"732743382687055872	",7,0,7
2891,"2274887132	",7,0,7
2892,"1256218814125150209	",7,0,7
2895,"816487720822435840	",7,0,7
2897,"373077521	",7,0,7
2899,"817597109918527488	",7,0,7
2900,"1239331561759109121	",7,0,7
2901,"1151934510058987520	",7,0,7
2902,"748605954590183424	",7,0,7
2904,"754863348626386945	",7,0,7
2905,"16135336	",7,0,7
2907,"1281248287421587461	",7,0,7
2912,"792963863763423232	",7,0,7
2920,"1094096091170172929	",7,0,7
2922,"976080837572784129	",7,0,7
2923,"785890138949726208	",7,0,7
2930,"475402206	",7,0,7
2935,"1449796752	",7,0,7
2941,"889115312305647616	",7,0,7
2942,"754365317112074240	",7,0,7
2943,"1296627948066353152	",7,0,7
2944,"958742564340867072	",7,0,7
2946,"1239677349446156289	",7,0,7
2947,"940052955536883712	",7,0,7
2949,"2254269967	",7,0,7
2951,"930228422957187073	",7,0,7
2952,"1295406038338998278	",7,0,7
2953,"63263281	",7,0,7
2954,"770267387639713792	",7,0,7
2955,"350806094	",7,0,7
2957,"73396250	",7,0,7
2958,"257257643	",7,0,7
2962,"1270745692999483392	",7,0,7
2964,"959555550269800449	",7,0,7
2966,"1549268064	",7,0,7
2967,"23253837	",7,0,7
2968,"240502282	",7,0,7
2969,"2358417290	",7,0,7
2970,"760811778112647168	",7,0,7
2973,"310361280	",7,0,7
2974,"4914375593	",7,0,7
2975,"2468382331	",7,0,7
2977,"893991733217959940	",7,0,7
2979,"1286201258148208640	",7,0,7
2980,"633047565	",7,0,7
2983,"2796374357	",7,0,7
2984,"793183953586950144	",7,0,7
2985,"301631670	",7,0,7
2986,"2581283162	",7,0,7
2987,"2888000864	",7,0,7
2988,"544764112	",7,0,7
2989,"22061708	",7,0,7
2990,"770088943954104326	",7,0,7
2991,"247389407	",7,0,7
2993,"1284142266265882626	",7,0,7
2994,"1262147536468533249	",7,0,7
2996,"901480234758938624	",7,0,7
2997,"2950492710	",7,0,7
2998,"1283636147965616128	",7,0,7
3001,"3278030604	",7,0,7
3003,"16336409	",7,0,7
3005,"1228439020318969859	",7,0,7
3006,"886712030119563264	",7,0,7
3007,"16188476	",7,0,7
3011,"289113361	",7,0,7
3012,"311633473	",7,0,7
3013,"798747248167223297	",7,0,7
3014,"3020010848	",7,0,7
3017,"1266614643780354049	",7,0,7
3018,"1262352314	",7,0,7
3019,"312134473	",7,0,7
3020,"1276416594856550400	",7,0,7
3022,"1144060035691175936	",7,0,7
3025,"2334389434	",7,0,7
3026,"1274511259304628229	",7,0,7
3030,"1272946804703866880	",7,0,7
3031,"788086004	",7,0,7
3032,"736946342	",7,0,7
3033,"24807642	",7,0,7
3034,"2734674289	",7,0,7
3039,"1192236678330667009	",7,0,7
3042,"237822026	",7,0,7
3043,"817914929671995394	",7,0,7
3047,"555273380	",7,0,7
3049,"1124590864452374528	",7,0,7
3055,"486847328	",7,0,7
3064,"1522343732	",7,0,7
3068,"919939963	",7,0,7
3070,"1238904407607164929	",7,0,7
3077,"1243230348902891530	",7,0,7
3080,"1247154464965849090	",7,0,7
3081,"1243224496514846721	",7,0,7
3084,"1248376868631392256	",7,0,7
3085,"700415353642471425	",7,0,7
3086,"885501218646249473	",7,0,7
3089,"225233387	",7,0,7
3092,"88584466	",7,0,7
3096,"1004109034989944832	",7,0,7
3097,"3857661635	",7,0,7
3099,"67142626	",7,0,7
3102,"173027048	",7,0,7
3104,"1212033529447497730	",7,0,7
3113,"1220788635441729536	",7,0,7
3114,"1064893339361845249	",7,0,7
3115,"2901978315	",7,0,7
3116,"3424863737	",7,0,7
3120,"1241460360147636224	",7,0,7
3121,"1207461004776357888	",7,0,7
3123,"3227546688	",7,0,7
3126,"974030247900340224	",7,0,7
3129,"16896939	",7,0,7
3130,"971288926911717379	",7,0,7
3131,"2555806379	",7,0,7
3133,"711106061063708672	",7,0,7
3135,"249641728	",7,0,7
3136,"2183248380	",7,0,7
3137,"2721305771	",7,0,7
3138,"844274666026033152	",7,0,7
3140,"1159491484850118657	",7,0,7
3141,"398175732	",7,0,7
3143,"140270406	",7,0,7
3144,"720038296852762624	",7,0,7
3145,"329370554	",7,0,7
3150,"2406024460	",7,0,7
3154,"1159839360352759808	",7,0,7
3156,"17939115	",7,0,7
3157,"1049216001487720448	",7,0,7
3158,"4759001086	",7,0,7
3162,"53753996	",7,0,7
3163,"1060549580222291969	",7,0,7
3164,"2483168227	",7,0,7
3165,"799068428	",7,0,7
3168,"2271737306	",7,0,7
3169,"3106985444	",7,0,7
3170,"4857438269	",7,0,7
3172,"1009515484990050304	",7,0,7
3173,"1541191639	",7,0,7
3174,"4490808082	",7,0,7
3175,"1222248524378710022	",7,0,7
3178,"2865923540	",7,0,7
3180,"1221889686173515777	",7,0,7
3182,"3567659537	",7,0,7
3184,"1220508854024208384	",7,0,7
3188,"986816886401716224	",7,0,7
3189,"2190957666	",7,0,7
3190,"1276071134	",7,0,7
3191,"871580975574200320	",7,0,7
3192,"1499448714	",7,0,7
3194,"531618878	",7,0,7
3198,"348546773	",7,0,7
3199,"243291481	",7,0,7
3200,"738180557041893376	",7,0,7
3201,"780676098	",7,0,7
3207,"891311496373960704	",7,0,7
3210,"1580617380	",7,0,7
3212,"787333188720787456	",7,0,7
3213,"27802663	",7,0,7
3214,"817145698428874752	",7,0,7
3215,"77797050	",7,0,7
3216,"445906751	",7,0,7
3217,"4692571296	",7,0,7
3218,"791988272125837312	",7,0,7
3219,"1214738012673736705	",7,0,7
3220,"118918904	",7,0,7
3221,"138283482	",7,0,7
3222,"17345123	",7,0,7
3225,"325004483	",7,0,7
3226,"3242336903	",7,0,7
3227,"114357501	",7,0,7
3228,"1216789842	",7,0,7
3230,"1484228036	",7,0,7
3231,"796429112806113280	",7,0,7
3232,"43873116	",7,0,7
3233,"1576017012	",7,0,7
3235,"71387958	",7,0,7
3236,"1031583060146434048	",7,0,7
3237,"819302849385558017	",7,0,7
3238,"16487266	",7,0,7
3239,"29307185	",7,0,7
3241,"73633833	",7,0,7
3249,"1128485985728245760	",7,0,7
3251,"1080642743251099648	",7,0,7
3253,"1208465972350345218	",7,0,7
3254,"850274876	",7,0,7
3255,"1205180283718234112	",7,0,7
3257,"2787123007	",7,0,7
3259,"875415529519030272	",7,0,7
3260,"1937793967	",7,0,7
3262,"52923347	",7,0,7
3263,"1088739887497576448	",7,0,7
3265,"1203364640836616193	",7,0,7
3270,"3075872976	",7,0,7
3271,"712423028911710208	",7,0,7
3273,"271560218	",7,0,7
3274,"63179684	",7,0,7
3277,"23875385	",7,0,7
3278,"1197642614134231042	",7,0,7
3279,"948560867376984064	",7,0,7
3282,"1146822568759853057	",7,0,7
3283,"88325925	",7,0,7
3288,"2231692735	",7,0,7
3290,"1929624919	",7,0,7
3291,"893308458652631041	",7,0,7
3294,"1190814691804798976	",7,0,7
3298,"564147031	",7,0,7
3299,"21708164	",7,0,7
3306,"166339467	",7,0,7
3307,"1126476656728735744	",7,0,7
3315,"1176784913820868608	",7,0,7
3316,"547363355	",7,0,7
3317,"16882405	",7,0,7
3322,"509414185	",7,0,7
3328,"2525983497	",7,0,7
3336,"1177935668523257857	",7,0,7
3337,"1168531210865274881	",7,0,7
3343,"792463867364446208	",7,0,7
3344,"1178488640764284928	",7,0,7
3345,"1158124642500042752	",7,0,7
3346,"1147297435905122304	",7,0,7
3348,"162055767	",7,0,7
3349,"1169235660722638849	",7,0,7
3352,"33790496	",7,0,7
3353,"2341318646	",7,0,7
3357,"557062637	",7,0,7
3359,"18552090	",7,0,7
3362,"1027879712	",7,0,7
3363,"35413102	",7,0,7
3365,"34504715	",7,0,7
3366,"136464832	",7,0,7
3367,"17372783	",7,0,7
3368,"365540909	",7,0,7
3369,"840341792897683457	",7,0,7
3370,"229767122	",7,0,7
3371,"443874583	",7,0,7
3373,"895738293115113472	",7,0,7
3374,"869762409518551040	",7,0,7
3376,"863951514158731264	",7,0,7
3377,"281355210	",7,0,7
3380,"206358399	",7,0,7
3381,"518087018	",7,0,7
3383,"1169398587404488705	",7,0,7
3384,"2851625826	",7,0,7
3385,"787846191501434882	",7,0,7
3389,"1164584396667740166	",7,0,7
3392,"1037474721879744512	",7,0,7
3393,"182592594	",7,0,7
3395,"1121544767031132166	",7,0,7
3396,"3181209517	",7,0,7
3399,"1135370154131378177	",7,0,7
3402,"236280383	",7,0,7
3403,"2789132202	",7,0,7
3405,"1142090422166138882	",7,0,7
3407,"1156718005256110081	",7,0,7
3408,"1158177480236134401	",7,0,7
3410,"1155535253865488384	",7,0,7
3411,"2966570782	",7,0,7
3418,"17095974	",7,0,7
3419,"1154102932389933057	",7,0,7
3421,"14573926	",7,0,7
3424,"787802101459976193	",7,0,7
3426,"25574023	",7,0,7
3429,"1083472286089396224	",7,0,7
3430,"52145895	",7,0,7
3434,"818554054309715969	",7,0,7
3435,"1100543170163720192	",7,0,7
3436,"1134560489537773569	",7,0,7
3438,"966803873041211394	",7,0,7
3439,"48394143	",7,0,7
3441,"897648798209638401	",7,0,7
3442,"595684176	",7,0,7
3444,"958556564297744384	",7,0,7
3445,"246924483	",7,0,7
3447,"2735571236	",7,0,7
3452,"1874348252	",7,0,7
3458,"946982768	",7,0,7
3461,"16173725	",7,0,7
3462,"1140039675110928384	",7,0,7
3468,"2533789550	",7,0,7
3469,"1112354451543781376	",7,0,7
3470,"826917971637444608	",7,0,7
3472,"513417619	",7,0,7
3474,"835345165611057152	",7,0,7
3475,"826877159377616896	",7,0,7
3476,"282894960	",7,0,7
3477,"825406458896453632	",7,0,7
3478,"803782681276416002	",7,0,7
3480,"753668096	",7,0,7
3481,"399838251	",7,0,7
3484,"1003872870483652609	",7,0,7
3485,"837515567712063488	",7,0,7
3487,"1083265241859772416	",7,0,7
3488,"1255975200	",7,0,7
3489,"2468382258	",7,0,7
3490,"881619860136046595	",7,0,7
3491,"156306739	",7,0,7
3492,"625834488	",7,0,7
3493,"21402657	",7,0,7
3494,"975355596923899905	",7,0,7
3495,"212445456	",7,0,7
3496,"766047530291499011	",7,0,7
3497,"712843	",7,0,7
3498,"399199924	",7,0,7
3499,"1128560038782603265	",7,0,7
3500,"188770786	",7,0,7
3501,"983309651134464001	",7,0,7
3503,"699082634937368576	",7,0,7
3505,"888856621144825856	",7,0,7
3507,"801822574736969728	",7,0,7
3508,"21562527	",7,0,7
3510,"3293849286	",7,0,7
3511,"973399648143659008	",7,0,7
3512,"1563378493	",7,0,7
3513,"887409888418254851	",7,0,7
3515,"1040127682523029504	",7,0,7
3516,"907267213035397120	",7,0,7
3519,"819648065892036608	",7,0,7
3520,"839847854352941056	",7,0,7
3521,"24218879	",7,0,7
3522,"878231570	",7,0,7
3524,"832810614510727168	",7,0,7
3526,"850503906434199553	",7,0,7
3531,"1040613306	",7,0,7
3532,"1050956486409707520	",7,0,7
3536,"3770738355	",7,0,7
3537,"1733544204	",7,0,7
3539,"184311121	",7,0,7
3540,"1066845975598309376	",7,0,7
3541,"2870648385	",7,0,7
3542,"1145919746	",7,0,7
3544,"734425814	",7,0,7
3548,"34516954	",7,0,7
3551,"3444349399	",7,0,7
3552,"1686712196	",7,0,7
3556,"637365213	",7,0,7
3558,"2565615602	",7,0,7
3562,"842420420192153601	",7,0,7
3563,"46041277	",7,0,7
3566,"18188773	",7,0,7
3568,"14967629	",7,0,7
3569,"783832921710862336	",7,0,7
3572,"20387833	",7,0,7
3574,"2718127423	",7,0,7
3575,"907212906	",7,0,7
3576,"49591955	",7,0,7
3581,"588774141	",7,0,7
3584,"23115261	",7,0,7
3587,"1011706230195343360	",7,0,7
3588,"3127820020	",7,0,7
3594,"1091916828006326273	",7,0,7
3601,"172181979	",7,0,7
3603,"756313523949604864	",7,0,7
3605,"1082714181164396544	",7,0,7
3606,"3021433014	",7,0,7
3607,"730944910493396992	",7,0,7
3608,"968681638099111937	",7,0,7
3609,"824487693807607808	",7,0,7
3611,"322644588	",7,0,7
3613,"505081284	",7,0,7
3614,"161840982	",7,0,7
3615,"23005290	",7,0,7
3622,"24693045	",7,0,7
3630,"846438498454286336	",7,0,7
3632,"798953701972938752	",7,0,7
3633,"2712489396	",7,0,7
3634,"304738036	",7,0,7
3635,"173042451	",7,0,7
3637,"1918900219	",7,0,7
3638,"19018627	",7,0,7
3639,"1021208979513454597	",7,0,7
3640,"22843285	",7,0,7
3641,"16782049	",7,0,7
3644,"4426409366	",7,0,7
3646,"92316023	",7,0,7
3647,"1047362034067750914	",7,0,7
3649,"1077259239922511872	",7,0,7
3650,"1033859514	",7,0,7
3652,"739795644	",7,0,7
3654,"15260945	",7,0,7
3655,"1325546659	",7,0,7
3657,"64282237	",7,0,7
3658,"952382951823630336	",7,0,7
3660,"3250434205	",7,0,7
3662,"540383605	",7,0,7
3663,"2832365569	",7,0,7
3664,"1019748571069939712	",7,0,7
3666,"1001956257463439360	",7,0,7
3673,"109924118	",7,0,7
3675,"617318678	",7,0,7
3676,"309384336	",7,0,7
3678,"1082695451055411200	",7,0,7
3679,"4669021332	",7,0,7
3681,"948315600421642240	",7,0,7
3682,"983218243635634178	",7,0,7
3683,"1080946289792176128	",7,0,7
3684,"49697450	",7,0,7
3690,"192187017	",7,0,7
3691,"21879831	",7,0,7
3693,"179947178	",7,0,7
3697,"118820606	",7,0,7
3699,"17033073	",7,0,7
3700,"1037903278963490816	",7,0,7
3701,"69010540	",7,0,7
3706,"914613279372197888	",7,0,7
3709,"198921096	",7,0,7
3711,"979479912666058753	",7,0,7
3712,"1072176412163883008	",7,0,7
3713,"1012314324	",7,0,7
3714,"782585479350906880	",7,0,7
3717,"188487006	",7,0,7
3720,"1074129612	",7,0,7
3721,"22797798	",7,0,7
3723,"1073712350832734210	",7,0,7
3725,"16032792	",7,0,7
3728,"1072558820843380736	",7,0,7
3731,"1066751970936012801	",7,0,7
3732,"1070450053779742720	",7,0,7
3733,"253246730	",7,0,7
3734,"221978964	",7,0,7
3736,"830570724834365442	",7,0,7
3737,"706144944101011456	",7,0,7
3738,"531835984	",7,0,7
3743,"109709261	",7,0,7
3749,"822927749421510656	",7,0,7
3751,"1018932435894067200	",7,0,7
3755,"1041859378016440321	",7,0,7
3756,"1056086451312582658	",7,0,7
3758,"850733409420812288	",7,0,7
3760,"408943474	",7,0,7
3762,"3183139482	",7,0,7
3766,"22230121	",7,0,7
3770,"1055249705360375814	",7,0,7
3775,"1062396320701390854	",7,0,7
3776,"44175251	",7,0,7
3783,"1047954841069412352	",7,0,7
3784,"1058817813698277376	",7,0,7
3789,"1047893522702114818	",7,0,7
3792,"870826051	",7,0,7
3793,"109065606	",7,0,7
3794,"738205038087049216	",7,0,7
3797,"2843300920	",7,0,7
3798,"698676116433797120	",7,0,7
3800,"1048305945552375808	",7,0,7
3802,"1032260270654013451	",7,0,7
3803,"811546283538317316	",7,0,7
3804,"1046079171842191363	",7,0,7
3811,"826536276836937728	",7,0,7
3812,"851518182	",7,0,7
3818,"819740732521140224	",7,0,7
3819,"31026088	",7,0,7
3820,"3284812141	",7,0,7
3825,"796236637	",7,0,7
3826,"823528762117537792	",7,0,7
3828,"1036338638450253824	",7,0,7
3830,"955160073336078336	",7,0,7
3831,"1691753959	",7,0,7
3833,"68425783	",7,0,7
3835,"292372011	",7,0,7
3836,"755401956160516097	",7,0,7
3839,"163634745	",7,0,7
3840,"1700272242	",7,0,7
3844,"278741684	",7,0,7
3848,"1041389356492181504	",7,0,7
3852,"20113833	",7,0,7
3854,"257809421	",7,0,7
3855,"829042146141429762	",7,0,7
3856,"758871766324293633	",7,0,7
3859,"15830785	",7,0,7
3867,"845584152053403648	",7,0,7
3868,"837145375874109440	",7,0,7
3870,"1035141031891816449	",7,0,7
3873,"3214771473	",7,0,7
3879,"968146506	",7,0,7
3880,"1015719543296221185	",7,0,7
3883,"760162813784494081	",7,0,7
3887,"15716568	",7,0,7
3888,"806281908967456768	",7,0,7
3890,"882837562104176642	",7,0,7
3891,"396956929	",7,0,7
3892,"51344010	",7,0,7
3894,"1036127626459398144	",7,0,7
3897,"427857555	",7,0,7
3899,"1024522241852301313	",7,0,7
3900,"773569135972343808	",7,0,7
3902,"3320242092	",7,0,7
3905,"834478468494716928	",7,0,7
3907,"843702746658168836	",7,0,7
3908,"360857076	",7,0,7
3910,"1022941772446490625	",7,0,7
3912,"40744748	",7,0,7
3916,"125300503	",7,0,7
3918,"756202380404940800	",7,0,7
3921,"325885589	",7,0,7
3922,"412817336	",7,0,7
3923,"904769016090255362	",7,0,7
3924,"3416256837	",7,0,7
3928,"587939062	",7,0,7
3931,"2973976941	",7,0,7
3933,"3308160780	",7,0,7
3935,"23836405	",7,0,7
3937,"344723414	",7,0,7
3939,"269614081	",7,0,7
3940,"786996669774606336	",7,0,7
3942,"771228088982122496	",7,0,7
3943,"17622465	",7,0,7
3946,"408320188	",7,0,7
3947,"1004129776171405312	",7,0,7
3948,"1024424468742131713	",7,0,7
3949,"122313056	",7,0,7
3950,"992162588233527296	",7,0,7
3954,"707608113562554368	",7,0,7
3956,"814241980859502602	",7,0,7
3959,"466992330	",7,0,7
3964,"822605563536220162	",7,0,7
3968,"400089636	",7,0,7
3969,"2831549874	",7,0,7
3971,"522370669	",7,0,7
3975,"253830958	",7,0,7
3976,"21061366	",7,0,7
3978,"217672786	",7,0,7
3979,"388946168	",7,0,7
3985,"981292460302356480	",7,0,7
3986,"935284033503858688	",7,0,7
3990,"1018517607211831296	",7,0,7
3992,"821772499813859330	",7,0,7
3995,"1012081514127843328	",7,0,7
3996,"1888125626	",7,0,7
3997,"1018082612689195008	",7,0,7
4000,"1016917818628100096	",7,0,7
4002,"818234318283833346	",7,0,7
4003,"1016923483606081536	",7,0,7
4004,"191463695	",7,0,7
4007,"829325257127370752	",7,0,7
4009,"782644467429879809	",7,0,7
4011,"1122860635	",7,0,7
4015,"773894159228960768	",7,0,7
4016,"240723794	",7,0,7
4017,"56164159	",7,0,7
4019,"929007152882114561	",7,0,7
4023,"2794535639	",7,0,7
4025,"92761700	",7,0,7
4026,"583348503	",7,0,7
4027,"348639610	",7,0,7
4032,"1925112992	",7,0,7
4035,"994571572148146176	",7,0,7
4041,"969723612264411137	",7,0,7
4042,"990994414603468801	",7,0,7
4044,"1107363032	",7,0,7
4046,"1333096687	",7,0,7
4047,"1385791357	",7,0,7
4048,"31477513	",7,0,7
4049,"1009983181708070912	",7,0,7
4050,"1010780940895858688	",7,0,7
4054,"1348327302	",7,0,7
4055,"784587387095638019	",7,0,7
4057,"991533163980754946	",7,0,7
4058,"764851009004810241	",7,0,7
4063,"2790426730	",7,0,7
4064,"4070850034	",7,0,7
4065,"82622770	",7,0,7
4066,"818737957	",7,0,7
4067,"1007839532899696641	",7,0,7
4071,"874972655153283073	",7,0,7
4077,"2335897674	",7,0,7
4080,"268001119	",7,0,7
4081,"1005185425282142210	",7,0,7
4082,"825511017434066945	",7,0,7
4083,"30128109	",7,0,7
4085,"1117932378	",7,0,7
4086,"28640108	",7,0,7
4088,"701993725	",7,0,7
4089,"270079997	",7,0,7
4092,"998022545856081920	",7,0,7
4097,"873288655095214080	",7,0,7
4101,"4778470757	",7,0,7
4102,"843941554364579840	",7,0,7
4104,"60654648	",7,0,7
4110,"191625450	",7,0,7
4111,"996931644903841793	",7,0,7
4113,"2227791792	",7,0,7
4114,"715284641	",7,0,7
4115,"774689925820063744	",7,0,7
4121,"1138060628	",7,0,7
4122,"50428849	",7,0,7
4123,"1921558788	",7,0,7
4125,"993896734324547586	",7,0,7
4126,"4568401212	",7,0,7
4130,"23267878	",7,0,7
4133,"52289210	",7,0,7
4135,"1651208408	",7,0,7
4143,"864487498935787520	",7,0,7
4144,"763092467243778048	",7,0,7
4148,"296978188	",7,0,7
4149,"4412143822	",7,0,7
4157,"118468850	",7,0,7
4158,"2347940717	",7,0,7
4159,"815949607679262720	",7,0,7
4160,"43758222	",7,0,7
4161,"257167130	",7,0,7
4163,"980110128195297281	",7,0,7
4170,"459803691	",7,0,7
4171,"978414435067940865	",7,0,7
4175,"937775009191383040	",7,0,7
4176,"18168487	",7,0,7
4181,"39642324	",7,0,7
4184,"1929590059	",7,0,7
4187,"27787539	",7,0,7
4189,"750798930338803712	",7,0,7
4192,"290844912	",7,0,7
4195,"80821322	",7,0,7
4199,"22956765	",7,0,7
4200,"749481620772679680	",7,0,7
4202,"2817349341	",7,0,7
4204,"2799719771	",7,0,7
4205,"2332215008	",7,0,7
4207,"713168621615230976	",7,0,7
4213,"23608733	",7,0,7
4216,"33634189	",7,0,7
4218,"294378438	",7,0,7
4219,"2259918818	",7,0,7
4220,"965709651038752768	",7,0,7
4221,"2740338237	",7,0,7
4222,"963923781344313344	",7,0,7
4223,"803804445268148224	",7,0,7
4224,"807642652682223616	",7,0,7
4226,"189018166	",7,0,7
4227,"250750630	",7,0,7
4230,"817074807015669760	",7,0,7
4231,"817827189265670146	",7,0,7
4232,"599770091	",7,0,7
4233,"896321540	",7,0,7
4234,"881527565302747136	",7,0,7
4235,"66562309	",7,0,7
4237,"37108214	",7,0,7
4238,"88176955	",7,0,7
4239,"2277455859	",7,0,7
4240,"1405116534	",7,0,7
4241,"37297840	",7,0,7
4242,"989365711	",7,0,7
4250,"2431786207	",7,0,7
4253,"141367859	",7,0,7
4254,"15988705	",7,0,7
4255,"861254460961640448	",7,0,7
4256,"242566949	",7,0,7
4257,"4306490653	",7,0,7
4258,"926084259013685248	",7,0,7
4259,"822559234781024256	",7,0,7
4260,"38894117	",7,0,7
4262,"273177606	",7,0,7
4263,"898919219538022403	",7,0,7
4264,"894353935103905794	",7,0,7
4268,"24786623	",7,0,7
4271,"760171075653206016	",7,0,7
4274,"86291795	",7,0,7
4276,"831938725772931072	",7,0,7
4279,"34511528	",7,0,7
4281,"702633255984476162	",7,0,7
4282,"26878183	",7,0,7
4283,"3111889034	",7,0,7
4285,"805559074364551173	",7,0,7
4288,"181508223	",7,0,7
4290,"14352930	",7,0,7
4294,"3908517755	",7,0,7
4295,"773682198385950720	",7,0,7
4297,"288912257	",7,0,7
4299,"15159600	",7,0,7
4300,"24809981	",7,0,7
4301,"1668268176	",7,0,7
4302,"750131636671479808	",7,0,7
4304,"957997702096347136	",7,0,7
4306,"3198743173	",7,0,7
4307,"915967286904786944	",7,0,7
4308,"945679784549347329	",7,0,7
4309,"265012754	",7,0,7
4310,"56884150	",7,0,7
4312,"852231488	",7,0,7
4313,"18293720	",7,0,7
4314,"336699870	",7,0,7
4317,"781303614560100352	",7,0,7
4318,"316231563	",7,0,7
4321,"225471614	",7,0,7
4322,"4825957170	",7,0,7
4323,"50828690	",7,0,7
4324,"23037326	",7,0,7
4328,"299285595	",7,0,7
4332,"225498660	",7,0,7
4338,"2303842880	",7,0,7
4339,"931999011573256192	",7,0,7
4343,"1079403829	",7,0,7
4344,"2296674926	",7,0,7
4348,"46949973	",7,0,7
4349,"953016293292036096	",7,0,7
4351,"1286798574	",7,0,7
4355,"2661946357	",7,0,7
4356,"879539283815653376	",7,0,7
4358,"951790337953009665	",7,0,7
4360,"4541535439	",7,0,7
4361,"1324297788	",7,0,7
4362,"817158838164029440	",7,0,7
4363,"3091719899	",7,0,7
4366,"436928528	",7,0,7
4369,"755587629119266816	",7,0,7
4372,"227109614	",7,0,7
4373,"935320429668868096	",7,0,7
4375,"949721469726150656	",7,0,7
4376,"737788554	",7,0,7
4377,"949374362297290757	",7,0,7
4379,"941000686275387392	",7,0,7
4382,"2440798230	",7,0,7
4383,"505176849	",7,0,7
4386,"18916061	",7,0,7
4389,"944970426274451456	",7,0,7
4390,"3238451743	",7,0,7
4393,"549985575	",7,0,7
4395,"910292078676070400	",7,0,7
4396,"37667548	",7,0,7
4397,"3105535680	",7,0,7
4398,"1461214346	",7,0,7
4399,"29340402	",7,0,7
4401,"21699625	",7,0,7
4405,"1478995176	",7,0,7
4408,"1019032993	",7,0,7
4409,"942044003377311744	",7,0,7
4412,"432833940	",7,0,7
4415,"1118340512	",7,0,7
4422,"835905000949837824	",7,0,7
4425,"170087899	",7,0,7
4426,"17717593	",7,0,7
4428,"18822834	",7,0,7
4430,"22029966	",7,0,7
4431,"3037232182	",7,0,7
4434,"285998811	",7,0,7
4435,"939153360464306177	",7,0,7
4437,"822483430948634625	",7,0,7
4441,"838498779351306241	",7,0,7
4443,"238259800	",7,0,7
4444,"396849913	",7,0,7
4445,"31066576	",7,0,7
4447,"798288979284004864	",7,0,7
4449,"76258451	",7,0,7
4450,"2755034160	",7,0,7
4451,"937541809043107841	",7,0,7
4452,"71631924	",7,0,7
4453,"937504736726708224	",7,0,7
4454,"937456566080561152	",7,0,7
4455,"22137864	",7,0,7
4457,"350642536	",7,0,7
4458,"553081052	",7,0,7
4459,"33738177	",7,0,7
4460,"1052823074	",7,0,7
4461,"252443566	",7,0,7
4462,"4146934274	",7,0,7
4463,"22699692	",7,0,7
4464,"822614090908569600	",7,0,7
4465,"835362524195356672	",7,0,7
4466,"14439437	",7,0,7
4467,"117941270	",7,0,7
4471,"533739406	",7,0,7
4474,"1729758474	",7,0,7
4475,"178902353	",7,0,7
4476,"27307896	",7,0,7
4479,"2386539896	",7,0,7
4481,"294358169	",7,0,7
4482,"167425758	",7,0,7
4483,"17967343	",7,0,7
4484,"305661348	",7,0,7
4487,"211371955	",7,0,7
4490,"262527141	",7,0,7
4491,"711226470056783872	",7,0,7
4494,"891364554877358083	",7,0,7
4495,"1143557569	",7,0,7
4496,"3153259508	",7,0,7
4497,"4873160416	",7,0,7
4499,"3320718475	",7,0,7
4500,"825084365734506496	",7,0,7
4501,"2218135326	",7,0,7
4506,"930242617207427072	",7,0,7
4507,"929795472822239237	",7,0,7
4508,"66275194	",7,0,7
4511,"716733902	",7,0,7
4512,"880857520574803968	",7,0,7
4513,"413133658	",7,0,7
4515,"797721004780851201	",7,0,7
4517,"909217609454948357	",7,0,7
4522,"3264958878	",7,0,7
4523,"613872314	",7,0,7
4529,"374717275	",7,0,7
4531,"2220651660	",7,0,7
4532,"67979128	",7,0,7
4533,"243454901	",7,0,7
4538,"389595160	",7,0,7
4540,"21748512	",7,0,7
4541,"98324449	",7,0,7
4545,"710066495	",7,0,7
4547,"923071887844036610	",7,0,7
4550,"1864091252	",7,0,7
4551,"77133371	",7,0,7
4553,"1051332103	",7,0,7
4554,"1101093829	",7,0,7
4555,"86644028	",7,0,7
4556,"347853768	",7,0,7
4558,"170564977	",7,0,7
4559,"2823371286	",7,0,7
4578,"715096852803112960	",7,0,7
4579,"777851597447626752	",7,0,7
4582,"1397830890	",7,0,7
4583,"917465379131105281	",7,0,7
4585,"22804501	",7,0,7
4589,"2831295021	",7,0,7
4590,"346172561	",7,0,7
4591,"3124670506	",7,0,7
4592,"482613818	",7,0,7
4593,"827209895145533440	",7,0,7
4595,"18678803	",7,0,7
4596,"100044211	",7,0,7
4597,"87744489	",7,0,7
4600,"2446418336	",7,0,7
4601,"414022468	",7,0,7
4603,"2519355518	",7,0,7
4604,"747846795573628928	",7,0,7
4605,"1977797292	",7,0,7
4606,"4869638333	",7,0,7
4612,"2230279075	",7,0,7
4614,"15984406	",7,0,7
4616,"142908783	",7,0,7
4617,"799015316	",7,0,7
4622,"2872436685	",7,0,7
4623,"912456868617797634	",7,0,7
4626,"27537981	",7,0,7
4627,"32969704	",7,0,7
4628,"831187740851109888	",7,0,7
4632,"839153256353804288	",7,0,7
4636,"827246630873100288	",7,0,7
4637,"73005586	",7,0,7
4638,"2873236889	",7,0,7
4646,"908717474681671681	",7,0,7
4648,"58181498	",7,0,7
4651,"708800580995522560	",7,0,7
4653,"62476005	",7,0,7
4657,"1967370475	",7,0,7
4660,"68752979	",7,0,7
4670,"903759699992076288	",7,0,7
4671,"191884672	",7,0,7
4672,"902893281067110400	",7,0,7
4674,"798637505734148100	",7,0,7
4675,"22733227	",7,0,7
4684,"46419288	",7,0,7
4690,"899630663720206336	",7,0,7
4691,"154767426	",7,0,7
4697,"835019421559189508	",7,0,7
4699,"1453872644	",7,0,7
4702,"21378105	",7,0,7
4705,"19103864	",7,0,7
4706,"824292776489553920	",7,0,7
4708,"2944341233	",7,0,7
4711,"39352512	",7,0,7
4714,"821016767203901440	",7,0,7
4718,"747118403031228416	",7,0,7
4719,"89816032	",7,0,7
4727,"40099386	",7,0,7
4730,"301762122	",7,0,7
4733,"47726900	",7,0,7
4734,"774417516252827648	",7,0,7
4735,"52733059	",7,0,7
4736,"804402576057892864	",7,0,7
4737,"800059824918532096	",7,0,7
4738,"204447908	",7,0,7
4740,"700475132	",7,0,7
4741,"250647032	",7,0,7
4745,"831693975098687489	",7,0,7
4747,"360028677	",7,0,7
4748,"2567763980	",7,0,7
4750,"4921784082	",7,0,7
4752,"3347122559	",7,0,7
4753,"825099212652113920	",7,0,7
4754,"251737396	",7,0,7
4755,"840578968269004800	",7,0,7
4760,"845837339687604224	",7,0,7
4761,"2936908130	",7,0,7
4766,"2538264847	",7,0,7
4770,"306806831	",7,0,7
4774,"15975460	",7,0,7
4778,"823777564741144576	",7,0,7
4779,"49814519	",7,0,7
4780,"1398415801	",7,0,7
4783,"4409570974	",7,0,7
4785,"889877430541983745	",7,0,7
4787,"810938203582537729	",7,0,7
4788,"39761338	",7,0,7
4789,"3187320759	",7,0,7
4791,"2191532881	",7,0,7
4794,"885836107899969537	",7,0,7
4798,"884836951626534912	",7,0,7
4801,"1362828098	",7,0,7
4816,"71382116	",7,0,7
4817,"49483516	",7,0,7
4819,"812312508	",7,0,7
4820,"1936403509	",7,0,7
4823,"14990794	",7,0,7
4826,"60841112	",7,0,7
4828,"881950144681443329	",7,0,7
4830,"799997149576622080	",7,0,7
4831,"44783247	",7,0,7
4832,"16220527	",7,0,7
4833,"824681118247059456	",7,0,7
4834,"314607442	",7,0,7
4841,"823945423274414080	",7,0,7
4844,"453386948	",7,0,7
4847,"168502762	",7,0,7
4849,"850173122535751680	",7,0,7
4850,"806659315004276740	",7,0,7
4851,"599851107	",7,0,7
4853,"394045711	",7,0,7
4857,"4897789989	",7,0,7
4858,"15956182	",7,0,7
4861,"822491301484576772	",7,0,7
4862,"27949475	",7,0,7
4864,"848599899843084288	",7,0,7
4867,"2300242908	",7,0,7
4869,"195510109	",7,0,7
4870,"2931449669	",7,0,7
4871,"755105541341315072	",7,0,7
4874,"4850268548	",7,0,7
4877,"49107617	",7,0,7
4878,"3288838509	",7,0,7
4879,"253434804	",7,0,7
4881,"26389194	",7,0,7
4883,"830104343626018816	",7,0,7
4884,"825565263311495168	",7,0,7
4885,"2785784724	",7,0,7
4886,"1620530348	",7,0,7
4889,"2877451744	",7,0,7
4890,"819254173720072195	",7,0,7
4891,"1378625954	",7,0,7
4892,"19137865	",7,0,7
4894,"69724428	",7,0,7
4896,"36644047	",7,0,7
4897,"867804686006583297	",7,0,7
4898,"775881987802427392	",7,0,7
4901,"2308922067	",7,0,7
4902,"826607478167080962	",7,0,7
4904,"378699319	",7,0,7
4907,"2735773706	",7,0,7
4909,"176071450	",7,0,7
4910,"32820396	",7,0,7
4912,"287561185	",7,0,7
4915,"344372490	",7,0,7
4916,"724327951370579968	",7,0,7
4917,"456311634	",7,0,7
4918,"20201402	",7,0,7
4919,"452696089	",7,0,7
4920,"870392476334383105	",7,0,7
4921,"764625665660289024	",7,0,7
4924,"27098320	",7,0,7
4925,"235355769	",7,0,7
4927,"33049448	",7,0,7
4928,"798665509831147520	",7,0,7
4929,"2716628650	",7,0,7
4930,"820833504803946496	",7,0,7
4933,"199539617	",7,0,7
4934,"714702343284068353	",7,0,7
4935,"16826860	",7,0,7
4936,"191536830	",7,0,7
4937,"830395216553197573	",7,0,7
4938,"14858441	",7,0,7
4940,"135581728	",7,0,7
4941,"21822436	",7,0,7
4942,"42998519	",7,0,7
4944,"1365637340	",7,0,7
4945,"770597146152300544	",7,0,7
4947,"4040041341	",7,0,7
4948,"226682792	",7,0,7
4949,"3024751544	",7,0,7
4951,"866479003	",7,0,7
4952,"29603645	",7,0,7
4953,"825505507708280832	",7,0,7
4954,"786618432745709569	",7,0,7
4955,"24286654	",7,0,7
4956,"2163746420	",7,0,7
4957,"61173333	",7,0,7
4958,"1120898341	",7,0,7
4959,"2738624585	",7,0,7
4960,"21453682	",7,0,7
4961,"796837874327048192	",7,0,7
4962,"353951353	",7,0,7
4963,"36145914	",7,0,7
4965,"89339383	",7,0,7
4966,"28394923	",7,0,7
4969,"14539455	",7,0,7
4972,"16654294	",7,0,7
4973,"3983879113	",7,0,7
4974,"13131292	",7,0,7
4975,"219076651	",7,0,7
4977,"810802664	",7,0,7
4978,"2400485557	",7,0,7
4980,"332128576	",7,0,7
4981,"1357784377	",7,0,7
4982,"16061691	",7,0,7
4983,"745670821964816384	",7,0,7
4984,"713365547837042689	",7,0,7
4986,"1195902152	",7,0,7
4988,"842849821396361217	",7,0,7
4989,"362847639	",7,0,7
4992,"802259419190951941	",7,0,7
4994,"845492819678527488	",7,0,7
4997,"606907410	",7,0,7
5000,"112159686	",7,0,7
5001,"873279460476432386	",7,0,7
5004,"335121547	",7,0,7
5006,"1614107629	",7,0,7
5007,"756343000750358529	",7,0,7
5008,"931471958	",7,0,7
5009,"864500770040721408	",7,0,7
5010,"34621886	",7,0,7
5012,"492652788	",7,0,7
5016,"27571352	",7,0,7
5017,"1350604596	",7,0,7
5018,"755540520118648834	",7,0,7
5019,"849797163098009601	",7,0,7
5020,"2153971220	",7,0,7
5021,"322874617	",7,0,7
5023,"760582659202428928	",7,0,7
5024,"2584580650	",7,0,7
5026,"821626464	",7,0,7
5030,"972758396	",7,0,7
5031,"25379347	",7,0,7
5032,"1681137312	",7,0,7
5033,"153836643	",7,0,7
5034,"818967020263927811	",7,0,7
5035,"723372114	",7,0,7
5036,"38942131	",7,0,7
5037,"706665154356891648	",7,0,7
5039,"376558848	",7,0,7
5040,"846144319	",7,0,7
5041,"737355119780499456	",7,0,7
5044,"1045110018	",7,0,7
5048,"490787458	",7,0,7
5050,"75318169	",7,0,7
5051,"864978002026868736	",7,0,7
5053,"812231698070978562	",7,0,7
5056,"863161360129159168	",7,0,7
5058,"2573854993	",7,0,7
5061,"365209451	",7,0,7
5062,"839831182640627712	",7,0,7
5066,"2935704877	",7,0,7
5067,"3799306752	",7,0,7
5069,"3318058354	",7,0,7
5071,"756341289361092608	",7,0,7
5075,"801100959652970496	",7,0,7
5076,"16904814	",7,0,7
5077,"864502536736264192	",7,0,7
5079,"2826936709	",7,0,7
5083,"1873601972	",7,0,7
5085,"1530987500	",7,0,7
5087,"291499147	",7,0,7
5088,"246807408	",7,0,7
5089,"158165652	",7,0,7
5092,"1499148506	",7,0,7
5093,"751025777769115648	",7,0,7
5097,"2742832246	",7,0,7
5098,"478899852	",7,0,7
5099,"37043619	",7,0,7
5100,"377575457	",7,0,7
5101,"809897553588170752	",7,0,7
5104,"818856222	",7,0,7
5107,"19088288	",7,0,7
5108,"4169033472	",7,0,7
5111,"825127941507944448	",7,0,7
5114,"756623497854541826	",7,0,7
5115,"1691946553	",7,0,7
5116,"283708433	",7,0,7
5117,"19273767	",7,0,7
5118,"837007465300418560	",7,0,7
5119,"323981782	",7,0,7
5120,"1276374518	",7,0,7
5121,"2799014685	",7,0,7
5122,"16993806	",7,0,7
5127,"554520867	",7,0,7
5130,"824813360034111488	",7,0,7
5131,"621294376	",7,0,7
5132,"1319620506	",7,0,7
5134,"575130132	",7,0,7
5135,"4823335694	",7,0,7
5137,"815350772103872512	",7,0,7
5143,"783494688909262848	",7,0,7
5148,"451777737	",7,0,7
5149,"20926151	",7,0,7
5150,"68485865	",7,0,7
5151,"582932632	",7,0,7
5155,"1942556058	",7,0,7
5157,"819274503276498944	",7,0,7
5158,"393821580	",7,0,7
5159,"17402257	",7,0,7
5160,"1115235062	",7,0,7
5164,"3225798290	",7,0,7
5167,"148505933	",7,0,7
5168,"546201880	",7,0,7
5169,"497697132	",7,0,7
5170,"142897402	",7,0,7
5173,"409779313	",7,0,7
5174,"311632838	",7,0,7
5176,"116644547	",7,0,7
5178,"394905807	",7,0,7
5180,"3730781894	",7,0,7
5181,"2797144345	",7,0,7
5183,"2579798984	",7,0,7
5184,"741045126101749761	",7,0,7
5185,"826855925009018880	",7,0,7
5186,"944977626	",7,0,7
5187,"828019084419674112	",7,0,7
5189,"372053421	",7,0,7
5190,"827980268065665024	",7,0,7
5192,"379331849	",7,0,7
5194,"67875296	",7,0,7
5195,"826135722843201537	",7,0,7
5197,"872831150	",7,0,7
5199,"596203585	",7,0,7
5201,"760574526	",7,0,7
5203,"758647765060751361	",7,0,7
5204,"492996253	",7,0,7
5205,"15072797	",7,0,7
5206,"725057289539997697	",7,0,7
5207,"101346144	",7,0,7
5208,"21014795	",7,0,7
5209,"1575689822	",7,0,7
5222,"3070381298	",7,0,7
5224,"387769772	",7,0,7
5225,"214329534	",7,0,7
5226,"201942202	",7,0,7
5227,"635840816	",7,0,7
5228,"380544749	",7,0,7
5229,"831733081878953984	",7,0,7
5232,"24220329	",7,0,7
5237,"1144050722	",7,0,7
5239,"18951837	",7,0,7
5240,"4776740239	",7,0,7
5242,"917352780	",7,0,7
5243,"17084195	",7,0,7
5244,"822867907625545729	",7,0,7
5246,"902517571	",7,0,7
5247,"836644340436877312	",7,0,7
5248,"3762441743	",7,0,7
5249,"1000373353	",7,0,7
5254,"835651148354768896	",7,0,7
5255,"5149	",7,0,7
5260,"555721005	",7,0,7
5261,"840623059493036032	",7,0,7
5265,"4639223112	",7,0,7
5266,"2400901568	",7,0,7
5267,"827601631671750656	",7,0,7
5268,"212056045	",7,0,7
5270,"92119447	",7,0,7
5273,"2822863047	",7,0,7
5275,"357488888	",7,0,7
5276,"797342566874279936	",7,0,7
5281,"2180513238	",7,0,7
5283,"65083339	",7,0,7
5284,"446769873	",7,0,7
5285,"4896504503	",7,0,7
5287,"789075476358631424	",7,0,7
5289,"799398837702037504	",7,0,7
5291,"351418096	",7,0,7
5292,"589704787	",7,0,7
5296,"16943377	",7,0,7
5297,"736284043583590400	",7,0,7
5298,"88293771	",7,0,7
5299,"834977394842865664	",7,0,7
5300,"2796447883	",7,0,7
5301,"3929315653	",7,0,7
5302,"1588996561	",7,0,7
5303,"17911218	",7,0,7
5304,"18449562	",7,0,7
5306,"770724698527113216	",7,0,7
5310,"800867074289434624	",7,0,7
5311,"378147040	",7,0,7
5315,"821369233489727489	",7,0,7
5317,"813888460574564354	",7,0,7
5322,"756345335941857280	",7,0,7
5324,"2348603065	",7,0,7
5325,"90839118	",7,0,7
5327,"1507279322	",7,0,7
5328,"806906355214852096	",7,0,7
5329,"474260446	",7,0,7
5330,"738090832385839108	",7,0,7
5334,"809902533229629440	",7,0,7
5335,"32804662	",7,0,7
5337,"2678076546	",7,0,7
5338,"815217621058523136	",7,0,7
5341,"816833925456789505	",7,0,7
5342,"400049436	",7,0,7
5343,"25014465	",7,0,7
5344,"153535259	",7,0,7
5346,"439950366	",7,0,7
5347,"2826410182	",7,0,7
5348,"59269191	",7,0,7
5349,"4868688743	",7,0,7
5350,"39628819	",7,0,7
5351,"32283017	",7,0,7
5352,"760581194996211712	",7,0,7
5353,"824618903091499008	",7,0,7
5354,"796745947711672324	",7,0,7
5355,"164305606	",7,0,7
5357,"792131850	",7,0,7
5358,"1299963084	",7,0,7
5359,"119561245	",7,0,7
5360,"17963919	",7,0,7
5361,"1273760552	",7,0,7
5362,"708891781820063749	",7,0,7
5363,"362274946	",7,0,7
5365,"48854752	",7,0,7
5366,"182073209	",7,0,7
5368,"27669267	",7,0,7
5369,"426361581	",7,0,7
5370,"94191295	",7,0,7
5371,"1386677071	",7,0,7
5372,"166189997	",7,0,7
5373,"16564503	",7,0,7
5375,"283644861	",7,0,7
5376,"15546929	",7,0,7
5377,"88515689	",7,0,7
5378,"1195197054	",7,0,7
5379,"627527209	",7,0,7
5380,"716202792491220993	",7,0,7
5381,"793766323809583104	",7,0,7
5384,"867378174	",7,0,7
5385,"536639578	",7,0,7
5386,"38512005	",7,0,7
5387,"82229344	",7,0,7
5388,"827638016608964609	",7,0,7
5391,"1447225711	",7,0,7
5395,"193759084	",7,0,7
5397,"715410775	",7,0,7
5398,"16170417	",7,0,7
5401,"750009757	",7,0,7
5402,"2810104812	",7,0,7
5406,"461713420	",7,0,7
5407,"185897242	",7,0,7
5409,"1193469660	",7,0,7
5413,"729503940	",7,0,7
5414,"38874510	",7,0,7
5416,"829119430072397827	",7,0,7
5417,"21939744	",7,0,7
5418,"2740546767	",7,0,7
5420,"574643245	",7,0,7
5421,"30014558	",7,0,7
5422,"3319655434	",7,0,7
5423,"3071601897	",7,0,7
5424,"845053430	",7,0,7
5425,"19748988	",7,0,7
5426,"996212894	",7,0,7
5427,"21833728	",7,0,7
5429,"595088924	",7,0,7
5430,"737675407441305600	",7,0,7
5432,"631858291	",7,0,7
5433,"1365542394	",7,0,7
5439,"16708651	",7,0,7
5440,"23177299	",7,0,7
5444,"4819091753	",7,0,7
5445,"816850127449047040	",7,0,7
5449,"499056373	",7,0,7
5451,"823231843583463425	",7,0,7
5454,"23951203	",7,0,7
5455,"27516120	",7,0,7
5456,"136728774	",7,0,7
5457,"368677030	",7,0,7
5458,"23787127	",7,0,7
5459,"3024352578	",7,0,7
5467,"191289024	",7,0,7
5468,"21874827	",7,0,7
5479,"800164329324580865	",7,0,7
5480,"49408159	",7,0,7
5482,"53092217	",7,0,7
5483,"23908938	",7,0,7
5486,"455336719	",7,0,7
5487,"2933891	",7,0,7
5488,"280812815	",7,0,7
5491,"4809934462	",7,0,7
5493,"38118028	",7,0,7
5496,"803078072949997568	",7,0,7
5497,"3897818973	",7,0,7
5498,"20240083	",7,0,7
5499,"118391782	",7,0,7
5504,"3142576148	",7,0,7
5505,"21694504	",7,0,7
5507,"284316103	",7,0,7
5509,"14538268	",7,0,7
5510,"820187383	",7,0,7
5511,"824671417795039233	",7,0,7
5512,"25684587	",7,0,7
5518,"34370438	",7,0,7
5520,"1663282496	",7,0,7
5522,"822844948433301504	",7,0,7
5523,"814746392	",7,0,7
5524,"11634242	",7,0,7
5527,"1437125160	",7,0,7
5528,"23397410	",7,0,7
5531,"822998464783060994	",7,0,7
5532,"436133718	",7,0,7
5533,"4277737394	",7,0,7
5534,"820822882385174528	",7,0,7
5535,"55581659	",7,0,7
5536,"876770420	",7,0,7
5538,"3256793215	",7,0,7
5539,"41734930	",7,0,7
5540,"16876324	",7,0,7
5549,"3528564074	",7,0,7
5551,"1279525932	",7,0,7
5555,"279774807	",7,0,7
5556,"37853075	",7,0,7
5557,"143562492	",7,0,7
5560,"421616276	",7,0,7
5563,"47626551	",7,0,7
5564,"19290606	",7,0,7
5566,"85219527	",7,0,7
5571,"165082911	",7,0,7
5573,"818513652814843906	",7,0,7
5577,"4568358856	",7,0,7
5579,"4584282501	",7,0,7
5580,"2919219271	",7,0,7
5582,"16475267	",7,0,7
5584,"318274351	",7,0,7
5588,"3270690385	",7,0,7
5589,"51827732	",7,0,7
5591,"354117838	",7,0,7
5592,"807323859879940098	",7,0,7
5594,"2405432884	",7,0,7
5599,"48477806	",7,0,7
5600,"78986091	",7,0,7
5603,"591297698	",7,0,7
5604,"589606816	",7,0,7
5609,"572248272	",7,0,7
5611,"620144865	",7,0,7
5612,"4789918822	",7,0,7
5613,"15053754	",7,0,7
5615,"19038210	",7,0,7
5616,"26360563	",7,0,7
5621,"26138581	",7,0,7
5622,"3011582208	",7,0,7
5623,"17234928	",7,0,7
5628,"178510929	",7,0,7
5629,"491918061	",7,0,7
5630,"247744426	",7,0,7
5631,"720594572867411968	",7,0,7
5632,"15447275	",7,0,7
5633,"165285550	",7,0,7
5636,"756232900719194112	",7,0,7
5637,"2211489373	",7,0,7
5639,"785312144363368449	",7,0,7
5642,"796146651068964864	",7,0,7
5646,"32700999	",7,0,7
5647,"1161929450	",7,0,7
5648,"2547322378	",7,0,7
5652,"7535522	",7,0,7
5653,"788456361751351296	",7,0,7
5655,"155930568	",7,0,7
5658,"23213699	",7,0,7
5660,"149286479	",7,0,7
5661,"198984959	",7,0,7
5666,"69422460	",7,0,7
5667,"2883453135	",7,0,7
5672,"4196714413	",7,0,7
5674,"755414445350850560	",7,0,7
5690,"19993673	",7,0,7
5691,"745781566958231552	",7,0,7
5692,"3122099613	",7,0,7
5696,"1007917022	",7,0,7
5698,"31532999	",7,0,7
5700,"51468871	",7,0,7
5702,"743258876045197312	",7,0,7
5703,"562595617	",7,0,7
5708,"780269431	",7,0,7
5714,"799068469	",7,0,7
5725,"4554876920	",7,0,7
5729,"2398653972	",7,0,7
5733,"360201349	",7,0,7
5735,"315899802	",7,0,7
5738,"243823314	",7,0,7
5742,"2467720274	",7,0,7
5744,"3313814426	",7,0,7
5748,"52215860	",7,0,7
5752,"464432888	",7,0,7
5753,"3163808873	",7,0,7
5756,"760451352	",7,0,7
5758,"34023303	",7,0,7
5766,"2846711961	",7,0,7
5770,"363245639	",7,0,7
5774,"15812243	",7,0,7
5778,"619513346	",7,0,7
5783,"520375230	",7,0,7
5787,"125184430	",7,0,7
5788,"51796158	",7,0,7
5789,"179147122	",7,0,7
5792,"59484281	",7,0,7
5801,"1410590874	",7,0,7
5806,"51002583	",7,0,7
5808,"377773483	",7,0,7
5810,"245891006	",7,0,7
5811,"251144180	",7,0,7
5813,"387004354	",7,0,7
5814,"297557669	",7,0,7
5818,"396044297	",7,0,7
5829,"116505994	",7,0,7
5830,"24026095	",7,0,7
5833,"19318314	",7,0,7
5847,"942156122	",7,0,7
5850,"92186819	",7,0,7
5855,"16857508	",7,0,7
5856,"1397941623292456961	",7,0,7
5862,"1383197702075215875	",7,0,7
5864,"1372640347365457922	",7,0,7
5865,"844317459826008065	",7,0,7
5869,"786533215519387649	",7,0,7
5870,"745699859169165312	",7,0,7
5872,"2717834801	",7,0,7
5873,"1356639809272377345	",7,0,7
5877,"505998182	",7,0,7
5878,"959080314243985408	",7,0,7
5879,"1354083109382320129	",7,0,7
5880,"1309899055938572290	",7,0,7
5881,"822881456376582144	",7,0,7
5883,"565515529	",7,0,7
5884,"827884806683897856	",7,0,7
5885,"8714272	",7,0,7
5887,"1351885928156045312	",7,0,7
5889,"1071211848949788673	",7,0,7
5890,"926298158572847104	",7,0,7
5891,"1258553185792294912	",7,0,7
5894,"16881118	",7,0,7
5895,"916010508162969600	",7,0,7
5896,"16963220	",7,0,7
5899,"3071892399	",7,0,7
5900,"26848264	",7,0,7
5901,"835192701322579968	",7,0,7
5902,"153993724	",7,0,7
5903,"55361228	",7,0,7
5905,"1623921086	",7,0,7
5906,"939254709776408577	",7,0,7
5907,"1074794512659161090	",7,0,7
5909,"1103102087976624128	",7,0,7
5910,"1332091444136456198	",7,0,7
5911,"1324541021993246720	",7,0,7
5912,"1329126313551163392	",7,0,7
5914,"959478966380773376	",7,0,7
5915,"1236477515205685248	",7,0,7
5916,"1302271589547991041	",7,0,7
5917,"4041061163	",7,0,7
5918,"903407222423728131	",7,0,7
5919,"1297571512027930625	",7,0,7
5920,"807660222	",7,0,7
5921,"4240550833	",7,0,7
5922,"52822046	",7,0,7
5924,"14390813	",7,0,7
5926,"3267574231	",7,0,7
5927,"34826806	",7,0,7
5929,"568647946	",7,0,7
5930,"2580980496	",7,0,7
5932,"823266026489950208	",7,0,7
5935,"1311252206	",7,0,7
5936,"2240230093	",7,0,7
5938,"2808650785	",7,0,7
5939,"29643326	",7,0,7
5941,"40353391	",7,0,7
5942,"24220534	",7,0,7
5943,"1223655894673608705	",7,0,7
5946,"866806829501763588	",7,0,7
5947,"257021508	",7,0,7
5948,"142841855	",7,0,7
5949,"3485160723	",7,0,7
5950,"3078895171	",7,0,7
5952,"502281766	",7,0,7
5953,"160442005	",7,0,7
5956,"23137497	",7,0,7
5958,"3321090598	",7,0,7
5959,"754379686759792640	",7,0,7
5960,"1898139175	",7,0,7
5961,"1200068719076167683	",7,0,7
5962,"737689263433605120	",7,0,7
5963,"137686741	",7,0,7
5964,"1198319539479601154	",7,0,7
5965,"861367364646055936	",7,0,7
5966,"12249302	",7,0,7
5967,"2422574019	",7,0,7
5968,"1183455915678339072	",7,0,7
5969,"52639286	",7,0,7
5971,"330153118	",7,0,7
5973,"4039599740	",7,0,7
5976,"1165024871627350016	",7,0,7
5977,"3302024118	",7,0,7
5978,"741679165343072256	",7,0,7
5979,"21977359	",7,0,7
5983,"2777401245	",7,0,7
5985,"722025409320067072	",7,0,7
5986,"30537797	",7,0,7
5990,"915968279084240897	",7,0,7
5991,"443770108	",7,0,7
5992,"125121193	",7,0,7
5995,"959557169908715521	",7,0,7
5996,"1028398139986722816	",7,0,7
5997,"1135016245080854528	",7,0,7
5998,"555483274	",7,0,7
6001,"21966677	",7,0,7
6002,"999862048384106496	",7,0,7
6003,"28186590	",7,0,7
6004,"915837860	",7,0,7
6005,"1355043193	",7,0,7
6006,"24322906	",7,0,7
6007,"958523863	",7,0,7
6008,"199526491	",7,0,7
6009,"123763345	",7,0,7
6011,"1206272982	",7,0,7
6013,"33561029	",7,0,7
6014,"266858230	",7,0,7
6015,"31203276	",7,0,7
6016,"932942388	",7,0,7
6017,"347982178	",7,0,7
6020,"80861548	",7,0,7
6021,"725111000974893058	",7,0,7
6022,"992334290	",7,0,7
6024,"18336208	",7,0,7
6028,"168336681	",7,0,7
6029,"1033109206298230785	",7,0,7
6030,"393142907	",7,0,7
6032,"1102683812734140423	",7,0,7
6033,"1080539438508400642	",7,0,7
6034,"56403069	",7,0,7
6035,"330789343	",7,0,7
6036,"171250138	",7,0,7
6037,"3279055795	",7,0,7
6038,"221367712	",7,0,7
6039,"786340834740432896	",7,0,7
6040,"802192403973029892	",7,0,7
6041,"214586617	",7,0,7
6042,"248587760	",7,0,7
6044,"925891449253711874	",7,0,7
6046,"1682940577	",7,0,7
6047,"251968362	",7,0,7
6048,"1053354641906315264	",7,0,7
6049,"16201388	",7,0,7
6050,"964575504	",7,0,7
6051,"3395638948	",7,0,7
6052,"12583742	",7,0,7
6053,"1063706623	",7,0,7
6055,"17846068	",7,0,7
6057,"758050879354175488	",7,0,7
6058,"1002220459	",7,0,7
6059,"824216698551209984	",7,0,7
6061,"150058584	",7,0,7
6064,"1081342999337017350	",7,0,7
6065,"2182292022	",7,0,7
6066,"19360844	",7,0,7
6067,"22717387	",7,0,7
6069,"4064368461	",7,0,7
6070,"799294876747583488	",7,0,7
6072,"256070906	",7,0,7
6073,"4751511019	",7,0,7
6075,"3273997009	",7,0,7
6081,"1046214129177034752	",7,0,7
6082,"26390376	",7,0,7
6085,"125286091	",7,0,7
6087,"368007369	",7,0,7
6088,"1280817426	",7,0,7
6089,"954829497425170434	",7,0,7
6090,"19264180	",7,0,7
6091,"920642810788925440	",7,0,7
6092,"959866840766926849	",7,0,7
6093,"888143550638170112	",7,0,7
6095,"45917679	",7,0,7
6096,"994390154	",7,0,7
6097,"17259355	",7,0,7
6099,"1019702153617715200	",7,0,7
6101,"16445528	",7,0,7
6102,"595162282	",7,0,7
6103,"924073501	",7,0,7
6104,"2490452737	",7,0,7
6105,"840590870487285760	",7,0,7
6107,"712359176362713088	",7,0,7
6109,"1315355821	",7,0,7
6110,"785209740	",7,0,7
6111,"98456258	",7,0,7
6112,"15755364	",7,0,7
6113,"871904276	",7,0,7
6117,"889343828536307712	",7,0,7
6119,"887617583138181120	",7,0,7
6120,"239943074	",7,0,7
6121,"21607069	",7,0,7
6122,"3741095296	",7,0,7
6123,"362165585	",7,0,7
6124,"383326698	",7,0,7
6126,"48998521	",7,0,7
6128,"824518011801346049	",7,0,7
6130,"882835639225462784	",7,0,7
6131,"290638415	",7,0,7
6133,"27155549	",7,0,7
6134,"2940006588	",7,0,7
6135,"432215263	",7,0,7
6136,"18257349	",7,0,7
6138,"780872387705262080	",7,0,7
6139,"44652413	",7,0,7
6140,"6451342	",7,0,7
6141,"123912980	",7,0,7
6142,"897843549667868672	",7,0,7
6143,"56083899	",7,0,7
6145,"31859692	",7,0,7
6147,"170079893	",7,0,7
6150,"2789013780	",7,0,7
6151,"912106537899954177	",7,0,7
6152,"703225155	",7,0,7
6153,"2310999614	",7,0,7
6154,"16471280	",7,0,7
6156,"2848827261	",7,0,7
6157,"404125198	",7,0,7
6158,"47990554	",7,0,7
6159,"827625100581023744	",7,0,7
6160,"22849397	",7,0,7
6161,"253219325	",7,0,7
6162,"882215090413592576	",7,0,7
6163,"927622184125657088	",7,0,7
6164,"807824	",7,0,7
6166,"84989394	",7,0,7
6169,"2253654474	",7,0,7
6170,"3291549182	",7,0,7
6171,"751826582742953984	",7,0,7
6173,"390350041	",7,0,7
6174,"48192262	",7,0,7
6176,"4448008454	",7,0,7
6177,"615576068	",7,0,7
6179,"818462171189411841	",7,0,7
6180,"1112486646	",7,0,7
6181,"2376432860	",7,0,7
6182,"111133911	",7,0,7
6184,"25855670	",7,0,7
6185,"911400588	",7,0,7
6187,"22583220	",7,0,7
6188,"3093559049	",7,0,7
6189,"534871385	",7,0,7
6190,"35488956	",7,0,7
6192,"801678893455474689	",7,0,7
6193,"80612021	",7,0,7
6194,"173426122	",7,0,7
6196,"824792161614852096	",7,0,7
6197,"736773706291240960	",7,0,7
6198,"4551566374	",7,0,7
6200,"815280375073214464	",7,0,7
6201,"721897399958933504	",7,0,7
6203,"3821671889	",7,0,7
6204,"19772316	",7,0,7
6206,"396007310	",7,0,7
